<extensionManifest><groupId>org.apache.nifi</groupId><artifactId>nifi-site-to-site-reporting-nar</artifactId><version>2.4.0</version><parentNar><groupId>org.apache.nifi</groupId><artifactId>nifi-standard-shared-nar</artifactId><version>2.4.0</version></parentNar><systemApiVersion>2.1.0</systemApiVersion><buildInfo><tag>HEAD</tag><branch>UNKNOWN</branch><revision>65c7732</revision></buildInfo><extensions><extension><name>org.apache.nifi.reporting.sink.SiteToSiteReportingRecordSink</name><type>CONTROLLER_SERVICE</type><description>Provides a service to write records using a configured RecordSetWriter over a Site-to-Site connection.</description><tags><tag>db</tag><tag>s2s</tag><tag>site</tag><tag>record</tag></tags><properties><property><name>record-sink-record-writer</name><displayName>Record Writer</displayName><description>Specifies the Controller Service to use for writing out the records.</description><controllerServiceDefinition><className>org.apache.nifi.serialization.RecordSetWriterFactory</className><groupId>org.apache.nifi</groupId><artifactId>nifi-standard-services-api-nar</artifactId><version>2.4.0</version></controllerServiceDefinition><required>true</required><sensitive>false</sensitive><expressionLanguageSupported>false</expressionLanguageSupported><expressionLanguageScope>NONE</expressionLanguageScope><dynamicallyModifiesClasspath>false</dynamicallyModifiesClasspath><dynamic>false</dynamic></property><property><name>Destination URL</name><displayName>Destination URL</displayName><description>The URL of the destination NiFi instance or, if clustered, a comma-separated list of address in the format of http(s)://host:port/nifi. This destination URL will only be used to initiate the Site-to-Site connection. The data sent by this reporting task will be load-balanced on all the nodes of the destination (if clustered).</description><required>true</required><sensitive>false</sensitive><expressionLanguageSupported>true</expressionLanguageSupported><expressionLanguageScope>ENVIRONMENT</expressionLanguageScope><dynamicallyModifiesClasspath>false</dynamicallyModifiesClasspath><dynamic>false</dynamic></property><property><name>Input Port Name</name><displayName>Input Port Name</displayName><description>The name of the Input Port to deliver data to.</description><required>true</required><sensitive>false</sensitive><expressionLanguageSupported>true</expressionLanguageSupported><expressionLanguageScope>ENVIRONMENT</expressionLanguageScope><dynamicallyModifiesClasspath>false</dynamicallyModifiesClasspath><dynamic>false</dynamic></property><property><name>SSL Context Service</name><displayName>SSL Context Service</displayName><description>The SSL Context Service to use when communicating with the destination. If not specified, communications will not be secure.</description><controllerServiceDefinition><className>org.apache.nifi.ssl.SSLContextProvider</className><groupId>org.apache.nifi</groupId><artifactId>nifi-standard-services-api-nar</artifactId><version>2.4.0</version></controllerServiceDefinition><required>false</required><sensitive>false</sensitive><expressionLanguageSupported>false</expressionLanguageSupported><expressionLanguageScope>NONE</expressionLanguageScope><dynamicallyModifiesClasspath>false</dynamicallyModifiesClasspath><dynamic>false</dynamic></property><property><name>Instance URL</name><displayName>Instance URL</displayName><description>The URL of this instance to use in the Content URI of each event.</description><defaultValue>http://${hostname(true)}:8080/nifi</defaultValue><required>true</required><sensitive>false</sensitive><expressionLanguageSupported>true</expressionLanguageSupported><expressionLanguageScope>ENVIRONMENT</expressionLanguageScope><dynamicallyModifiesClasspath>false</dynamicallyModifiesClasspath><dynamic>false</dynamic></property><property><name>Compress Events</name><displayName>Compress Events</displayName><description>Indicates whether or not to compress the data being sent.</description><defaultValue>true</defaultValue><allowableValues><allowableValue><displayName>true</displayName><value>true</value><description></description></allowableValue><allowableValue><displayName>false</displayName><value>false</value><description></description></allowableValue></allowableValues><required>true</required><sensitive>false</sensitive><expressionLanguageSupported>false</expressionLanguageSupported><expressionLanguageScope>NONE</expressionLanguageScope><dynamicallyModifiesClasspath>false</dynamicallyModifiesClasspath><dynamic>false</dynamic></property><property><name>Communications Timeout</name><displayName>Communications Timeout</displayName><description>Specifies how long to wait to a response from the destination before deciding that an error has occurred and canceling the transaction</description><defaultValue>30 secs</defaultValue><required>true</required><sensitive>false</sensitive><expressionLanguageSupported>false</expressionLanguageSupported><expressionLanguageScope>NONE</expressionLanguageScope><dynamicallyModifiesClasspath>false</dynamicallyModifiesClasspath><dynamic>false</dynamic></property><property><name>Batch Size</name><displayName>Batch Size</displayName><description>Specifies how many records to send in a single batch, at most.</description><defaultValue>1000</defaultValue><required>true</required><sensitive>false</sensitive><expressionLanguageSupported>false</expressionLanguageSupported><expressionLanguageScope>NONE</expressionLanguageScope><dynamicallyModifiesClasspath>false</dynamicallyModifiesClasspath><dynamic>false</dynamic></property><property><name>s2s-transport-protocol</name><displayName>Transport Protocol</displayName><description>Specifies which transport protocol to use for Site-to-Site communication.</description><defaultValue>RAW</defaultValue><allowableValues><allowableValue><displayName>RAW</displayName><value>RAW</value><description></description></allowableValue><allowableValue><displayName>HTTP</displayName><value>HTTP</value><description></description></allowableValue></allowableValues><required>true</required><sensitive>false</sensitive><expressionLanguageSupported>false</expressionLanguageSupported><expressionLanguageScope>NONE</expressionLanguageScope><dynamicallyModifiesClasspath>false</dynamicallyModifiesClasspath><dynamic>false</dynamic></property><property><name>proxy-configuration-service</name><displayName>Proxy Configuration Service</displayName><description>Specifies the Proxy Configuration Controller Service to proxy network requests. Supported proxies: HTTP + AuthN</description><controllerServiceDefinition><className>org.apache.nifi.proxy.ProxyConfigurationService</className><groupId>org.apache.nifi</groupId><artifactId>nifi-standard-services-api-nar</artifactId><version>2.4.0</version></controllerServiceDefinition><required>false</required><sensitive>false</sensitive><expressionLanguageSupported>false</expressionLanguageSupported><expressionLanguageScope>NONE</expressionLanguageScope><dynamicallyModifiesClasspath>false</dynamicallyModifiesClasspath><dynamic>false</dynamic><dependencies><dependency><propertyName>s2s-transport-protocol</propertyName><propertyDisplayName>Transport Protocol</propertyDisplayName><dependentValues><dependentValue>HTTP</dependentValue></dependentValues></dependency></dependencies></property></properties><providedServiceAPIs><providedServiceAPI><className>org.apache.nifi.record.sink.RecordSinkService</className><groupId>org.apache.nifi</groupId><artifactId>nifi-standard-services-api-nar</artifactId><version>2.4.0</version></providedServiceAPI></providedServiceAPIs></extension><extension><name>org.apache.nifi.reporting.SiteToSiteBulletinReportingTask</name><type>REPORTING_TASK</type><description>Publishes Bulletin events using the Site To Site protocol. Note: only up to 5 bulletins are stored per component and up to 10 bulletins at controller level for a duration of up to 5 minutes. If this reporting task is not scheduled frequently enough some bulletins may not be sent.</description><tags><tag>bulletin</tag><tag>site</tag><tag>site to site</tag></tags><properties><property><name>Destination URL</name><displayName>Destination URL</displayName><description>The URL of the destination NiFi instance or, if clustered, a comma-separated list of address in the format of http(s)://host:port/nifi. This destination URL will only be used to initiate the Site-to-Site connection. The data sent by this reporting task will be load-balanced on all the nodes of the destination (if clustered).</description><required>true</required><sensitive>false</sensitive><expressionLanguageSupported>true</expressionLanguageSupported><expressionLanguageScope>ENVIRONMENT</expressionLanguageScope><dynamicallyModifiesClasspath>false</dynamicallyModifiesClasspath><dynamic>false</dynamic></property><property><name>Input Port Name</name><displayName>Input Port Name</displayName><description>The name of the Input Port to deliver data to.</description><required>true</required><sensitive>false</sensitive><expressionLanguageSupported>true</expressionLanguageSupported><expressionLanguageScope>ENVIRONMENT</expressionLanguageScope><dynamicallyModifiesClasspath>false</dynamicallyModifiesClasspath><dynamic>false</dynamic></property><property><name>SSL Context Service</name><displayName>SSL Context Service</displayName><description>The SSL Context Service to use when communicating with the destination. If not specified, communications will not be secure.</description><controllerServiceDefinition><className>org.apache.nifi.ssl.SSLContextProvider</className><groupId>org.apache.nifi</groupId><artifactId>nifi-standard-services-api-nar</artifactId><version>2.4.0</version></controllerServiceDefinition><required>false</required><sensitive>false</sensitive><expressionLanguageSupported>false</expressionLanguageSupported><expressionLanguageScope>NONE</expressionLanguageScope><dynamicallyModifiesClasspath>false</dynamicallyModifiesClasspath><dynamic>false</dynamic></property><property><name>Instance URL</name><displayName>Instance URL</displayName><description>The URL of this instance to use in the Content URI of each event.</description><defaultValue>http://${hostname(true)}:8080/nifi</defaultValue><required>true</required><sensitive>false</sensitive><expressionLanguageSupported>true</expressionLanguageSupported><expressionLanguageScope>ENVIRONMENT</expressionLanguageScope><dynamicallyModifiesClasspath>false</dynamicallyModifiesClasspath><dynamic>false</dynamic></property><property><name>Compress Events</name><displayName>Compress Events</displayName><description>Indicates whether or not to compress the data being sent.</description><defaultValue>true</defaultValue><allowableValues><allowableValue><displayName>true</displayName><value>true</value><description></description></allowableValue><allowableValue><displayName>false</displayName><value>false</value><description></description></allowableValue></allowableValues><required>true</required><sensitive>false</sensitive><expressionLanguageSupported>false</expressionLanguageSupported><expressionLanguageScope>NONE</expressionLanguageScope><dynamicallyModifiesClasspath>false</dynamicallyModifiesClasspath><dynamic>false</dynamic></property><property><name>Communications Timeout</name><displayName>Communications Timeout</displayName><description>Specifies how long to wait to a response from the destination before deciding that an error has occurred and canceling the transaction</description><defaultValue>30 secs</defaultValue><required>true</required><sensitive>false</sensitive><expressionLanguageSupported>false</expressionLanguageSupported><expressionLanguageScope>NONE</expressionLanguageScope><dynamicallyModifiesClasspath>false</dynamicallyModifiesClasspath><dynamic>false</dynamic></property><property><name>s2s-transport-protocol</name><displayName>Transport Protocol</displayName><description>Specifies which transport protocol to use for Site-to-Site communication.</description><defaultValue>RAW</defaultValue><allowableValues><allowableValue><displayName>RAW</displayName><value>RAW</value><description></description></allowableValue><allowableValue><displayName>HTTP</displayName><value>HTTP</value><description></description></allowableValue></allowableValues><required>true</required><sensitive>false</sensitive><expressionLanguageSupported>false</expressionLanguageSupported><expressionLanguageScope>NONE</expressionLanguageScope><dynamicallyModifiesClasspath>false</dynamicallyModifiesClasspath><dynamic>false</dynamic></property><property><name>proxy-configuration-service</name><displayName>Proxy Configuration Service</displayName><description>Specifies the Proxy Configuration Controller Service to proxy network requests. Supported proxies: HTTP + AuthN</description><controllerServiceDefinition><className>org.apache.nifi.proxy.ProxyConfigurationService</className><groupId>org.apache.nifi</groupId><artifactId>nifi-standard-services-api-nar</artifactId><version>2.4.0</version></controllerServiceDefinition><required>false</required><sensitive>false</sensitive><expressionLanguageSupported>false</expressionLanguageSupported><expressionLanguageScope>NONE</expressionLanguageScope><dynamicallyModifiesClasspath>false</dynamicallyModifiesClasspath><dynamic>false</dynamic><dependencies><dependency><propertyName>s2s-transport-protocol</propertyName><propertyDisplayName>Transport Protocol</propertyDisplayName><dependentValues><dependentValue>HTTP</dependentValue></dependentValues></dependency></dependencies></property><property><name>record-writer</name><displayName>Record Writer</displayName><description>Specifies the Controller Service to use for writing out the records.</description><controllerServiceDefinition><className>org.apache.nifi.serialization.RecordSetWriterFactory</className><groupId>org.apache.nifi</groupId><artifactId>nifi-standard-services-api-nar</artifactId><version>2.4.0</version></controllerServiceDefinition><required>false</required><sensitive>false</sensitive><expressionLanguageSupported>false</expressionLanguageSupported><expressionLanguageScope>NONE</expressionLanguageScope><dynamicallyModifiesClasspath>false</dynamicallyModifiesClasspath><dynamic>false</dynamic></property><property><name>include-null-values</name><displayName>Include Null Values</displayName><description>Indicate if null values should be included in records. Default will be false</description><defaultValue>false</defaultValue><allowableValues><allowableValue><displayName>true</displayName><value>true</value><description></description></allowableValue><allowableValue><displayName>false</displayName><value>false</value><description></description></allowableValue></allowableValues><required>true</required><sensitive>false</sensitive><expressionLanguageSupported>false</expressionLanguageSupported><expressionLanguageScope>NONE</expressionLanguageScope><dynamicallyModifiesClasspath>false</dynamicallyModifiesClasspath><dynamic>false</dynamic></property><property><name>Platform</name><displayName>Platform</displayName><description>The value to use for the platform field in each event.</description><defaultValue>nifi</defaultValue><required>true</required><sensitive>false</sensitive><expressionLanguageSupported>true</expressionLanguageSupported><expressionLanguageScope>ENVIRONMENT</expressionLanguageScope><dynamicallyModifiesClasspath>false</dynamicallyModifiesClasspath><dynamic>false</dynamic></property></properties><restricted><restrictions><restriction><requiredPermission>export nifi details</requiredPermission><explanation>Provides operator the ability to send sensitive details contained in bulletin events to any external system.</explanation></restriction></restrictions></restricted><defaultSchedule><strategy>TIMER_DRIVEN</strategy><period>1 min</period><concurrentTasks>1</concurrentTasks></defaultSchedule></extension><extension><name>org.apache.nifi.reporting.SiteToSiteMetricsReportingTask</name><type>REPORTING_TASK</type><description>Publishes same metrics as the Ambari Reporting task using the Site To Site protocol.</description><tags><tag>status</tag><tag>metrics</tag><tag>site</tag><tag>site to site</tag></tags><properties><property><name>Destination URL</name><displayName>Destination URL</displayName><description>The URL of the destination NiFi instance or, if clustered, a comma-separated list of address in the format of http(s)://host:port/nifi. This destination URL will only be used to initiate the Site-to-Site connection. The data sent by this reporting task will be load-balanced on all the nodes of the destination (if clustered).</description><required>true</required><sensitive>false</sensitive><expressionLanguageSupported>true</expressionLanguageSupported><expressionLanguageScope>ENVIRONMENT</expressionLanguageScope><dynamicallyModifiesClasspath>false</dynamicallyModifiesClasspath><dynamic>false</dynamic></property><property><name>Input Port Name</name><displayName>Input Port Name</displayName><description>The name of the Input Port to deliver data to.</description><required>true</required><sensitive>false</sensitive><expressionLanguageSupported>true</expressionLanguageSupported><expressionLanguageScope>ENVIRONMENT</expressionLanguageScope><dynamicallyModifiesClasspath>false</dynamicallyModifiesClasspath><dynamic>false</dynamic></property><property><name>SSL Context Service</name><displayName>SSL Context Service</displayName><description>The SSL Context Service to use when communicating with the destination. If not specified, communications will not be secure.</description><controllerServiceDefinition><className>org.apache.nifi.ssl.SSLContextProvider</className><groupId>org.apache.nifi</groupId><artifactId>nifi-standard-services-api-nar</artifactId><version>2.4.0</version></controllerServiceDefinition><required>false</required><sensitive>false</sensitive><expressionLanguageSupported>false</expressionLanguageSupported><expressionLanguageScope>NONE</expressionLanguageScope><dynamicallyModifiesClasspath>false</dynamicallyModifiesClasspath><dynamic>false</dynamic></property><property><name>Instance URL</name><displayName>Instance URL</displayName><description>The URL of this instance to use in the Content URI of each event.</description><defaultValue>http://${hostname(true)}:8080/nifi</defaultValue><required>true</required><sensitive>false</sensitive><expressionLanguageSupported>true</expressionLanguageSupported><expressionLanguageScope>ENVIRONMENT</expressionLanguageScope><dynamicallyModifiesClasspath>false</dynamicallyModifiesClasspath><dynamic>false</dynamic></property><property><name>Compress Events</name><displayName>Compress Events</displayName><description>Indicates whether or not to compress the data being sent.</description><defaultValue>true</defaultValue><allowableValues><allowableValue><displayName>true</displayName><value>true</value><description></description></allowableValue><allowableValue><displayName>false</displayName><value>false</value><description></description></allowableValue></allowableValues><required>true</required><sensitive>false</sensitive><expressionLanguageSupported>false</expressionLanguageSupported><expressionLanguageScope>NONE</expressionLanguageScope><dynamicallyModifiesClasspath>false</dynamicallyModifiesClasspath><dynamic>false</dynamic></property><property><name>Communications Timeout</name><displayName>Communications Timeout</displayName><description>Specifies how long to wait to a response from the destination before deciding that an error has occurred and canceling the transaction</description><defaultValue>30 secs</defaultValue><required>true</required><sensitive>false</sensitive><expressionLanguageSupported>false</expressionLanguageSupported><expressionLanguageScope>NONE</expressionLanguageScope><dynamicallyModifiesClasspath>false</dynamicallyModifiesClasspath><dynamic>false</dynamic></property><property><name>s2s-transport-protocol</name><displayName>Transport Protocol</displayName><description>Specifies which transport protocol to use for Site-to-Site communication.</description><defaultValue>RAW</defaultValue><allowableValues><allowableValue><displayName>RAW</displayName><value>RAW</value><description></description></allowableValue><allowableValue><displayName>HTTP</displayName><value>HTTP</value><description></description></allowableValue></allowableValues><required>true</required><sensitive>false</sensitive><expressionLanguageSupported>false</expressionLanguageSupported><expressionLanguageScope>NONE</expressionLanguageScope><dynamicallyModifiesClasspath>false</dynamicallyModifiesClasspath><dynamic>false</dynamic></property><property><name>proxy-configuration-service</name><displayName>Proxy Configuration Service</displayName><description>Specifies the Proxy Configuration Controller Service to proxy network requests. Supported proxies: HTTP + AuthN</description><controllerServiceDefinition><className>org.apache.nifi.proxy.ProxyConfigurationService</className><groupId>org.apache.nifi</groupId><artifactId>nifi-standard-services-api-nar</artifactId><version>2.4.0</version></controllerServiceDefinition><required>false</required><sensitive>false</sensitive><expressionLanguageSupported>false</expressionLanguageSupported><expressionLanguageScope>NONE</expressionLanguageScope><dynamicallyModifiesClasspath>false</dynamicallyModifiesClasspath><dynamic>false</dynamic><dependencies><dependency><propertyName>s2s-transport-protocol</propertyName><propertyDisplayName>Transport Protocol</propertyDisplayName><dependentValues><dependentValue>HTTP</dependentValue></dependentValues></dependency></dependencies></property><property><name>record-writer</name><displayName>Record Writer</displayName><description>Specifies the Controller Service to use for writing out the records.</description><controllerServiceDefinition><className>org.apache.nifi.serialization.RecordSetWriterFactory</className><groupId>org.apache.nifi</groupId><artifactId>nifi-standard-services-api-nar</artifactId><version>2.4.0</version></controllerServiceDefinition><required>false</required><sensitive>false</sensitive><expressionLanguageSupported>false</expressionLanguageSupported><expressionLanguageScope>NONE</expressionLanguageScope><dynamicallyModifiesClasspath>false</dynamicallyModifiesClasspath><dynamic>false</dynamic></property><property><name>include-null-values</name><displayName>Include Null Values</displayName><description>Indicate if null values should be included in records. Default will be false</description><defaultValue>false</defaultValue><allowableValues><allowableValue><displayName>true</displayName><value>true</value><description></description></allowableValue><allowableValue><displayName>false</displayName><value>false</value><description></description></allowableValue></allowableValues><required>true</required><sensitive>false</sensitive><expressionLanguageSupported>false</expressionLanguageSupported><expressionLanguageScope>NONE</expressionLanguageScope><dynamicallyModifiesClasspath>false</dynamicallyModifiesClasspath><dynamic>false</dynamic></property><property><name>s2s-metrics-hostname</name><displayName>Hostname</displayName><description>The Hostname of this NiFi instance to be included in the metrics</description><defaultValue>${hostname(true)}</defaultValue><required>true</required><sensitive>false</sensitive><expressionLanguageSupported>true</expressionLanguageSupported><expressionLanguageScope>ENVIRONMENT</expressionLanguageScope><dynamicallyModifiesClasspath>false</dynamicallyModifiesClasspath><dynamic>false</dynamic></property><property><name>s2s-metrics-application-id</name><displayName>Application ID</displayName><description>The Application ID to be included in the metrics</description><defaultValue>nifi</defaultValue><required>true</required><sensitive>false</sensitive><expressionLanguageSupported>true</expressionLanguageSupported><expressionLanguageScope>ENVIRONMENT</expressionLanguageScope><dynamicallyModifiesClasspath>false</dynamicallyModifiesClasspath><dynamic>false</dynamic></property><property><name>s2s-metrics-format</name><displayName>Output Format</displayName><description>The output format that will be used for the metrics. If Record Format is selected, a Record Writer must be provided. If Ambari Format is selected, the Record Writer property should be empty.</description><defaultValue>ambari-format</defaultValue><allowableValues><allowableValue><displayName>Ambari Format</displayName><value>ambari-format</value><description>Metrics will be formatted according to the Ambari Metrics API. See Additional Details in Usage documentation.</description></allowableValue><allowableValue><displayName>Record Format</displayName><value>record-format</value><description>Metrics will be formatted using the Record Writer property of this reporting task. See Additional Details in Usage documentation to have the description of the default schema.</description></allowableValue></allowableValues><required>true</required><sensitive>false</sensitive><expressionLanguageSupported>false</expressionLanguageSupported><expressionLanguageScope>NONE</expressionLanguageScope><dynamicallyModifiesClasspath>false</dynamicallyModifiesClasspath><dynamic>false</dynamic></property></properties></extension><extension><name>org.apache.nifi.reporting.SiteToSiteProvenanceReportingTask</name><type>REPORTING_TASK</type><description>Publishes Provenance events using the Site To Site protocol.</description><tags><tag>provenance</tag><tag>lineage</tag><tag>tracking</tag><tag>site</tag><tag>site to site</tag></tags><properties><property><name>Destination URL</name><displayName>Destination URL</displayName><description>The URL of the destination NiFi instance or, if clustered, a comma-separated list of address in the format of http(s)://host:port/nifi. This destination URL will only be used to initiate the Site-to-Site connection. The data sent by this reporting task will be load-balanced on all the nodes of the destination (if clustered).</description><required>true</required><sensitive>false</sensitive><expressionLanguageSupported>true</expressionLanguageSupported><expressionLanguageScope>ENVIRONMENT</expressionLanguageScope><dynamicallyModifiesClasspath>false</dynamicallyModifiesClasspath><dynamic>false</dynamic></property><property><name>Input Port Name</name><displayName>Input Port Name</displayName><description>The name of the Input Port to deliver data to.</description><required>true</required><sensitive>false</sensitive><expressionLanguageSupported>true</expressionLanguageSupported><expressionLanguageScope>ENVIRONMENT</expressionLanguageScope><dynamicallyModifiesClasspath>false</dynamicallyModifiesClasspath><dynamic>false</dynamic></property><property><name>SSL Context Service</name><displayName>SSL Context Service</displayName><description>The SSL Context Service to use when communicating with the destination. If not specified, communications will not be secure.</description><controllerServiceDefinition><className>org.apache.nifi.ssl.SSLContextProvider</className><groupId>org.apache.nifi</groupId><artifactId>nifi-standard-services-api-nar</artifactId><version>2.4.0</version></controllerServiceDefinition><required>false</required><sensitive>false</sensitive><expressionLanguageSupported>false</expressionLanguageSupported><expressionLanguageScope>NONE</expressionLanguageScope><dynamicallyModifiesClasspath>false</dynamicallyModifiesClasspath><dynamic>false</dynamic></property><property><name>Instance URL</name><displayName>Instance URL</displayName><description>The URL of this instance to use in the Content URI of each event.</description><defaultValue>http://${hostname(true)}:8080/nifi</defaultValue><required>true</required><sensitive>false</sensitive><expressionLanguageSupported>true</expressionLanguageSupported><expressionLanguageScope>ENVIRONMENT</expressionLanguageScope><dynamicallyModifiesClasspath>false</dynamicallyModifiesClasspath><dynamic>false</dynamic></property><property><name>Compress Events</name><displayName>Compress Events</displayName><description>Indicates whether or not to compress the data being sent.</description><defaultValue>true</defaultValue><allowableValues><allowableValue><displayName>true</displayName><value>true</value><description></description></allowableValue><allowableValue><displayName>false</displayName><value>false</value><description></description></allowableValue></allowableValues><required>true</required><sensitive>false</sensitive><expressionLanguageSupported>false</expressionLanguageSupported><expressionLanguageScope>NONE</expressionLanguageScope><dynamicallyModifiesClasspath>false</dynamicallyModifiesClasspath><dynamic>false</dynamic></property><property><name>Communications Timeout</name><displayName>Communications Timeout</displayName><description>Specifies how long to wait to a response from the destination before deciding that an error has occurred and canceling the transaction</description><defaultValue>30 secs</defaultValue><required>true</required><sensitive>false</sensitive><expressionLanguageSupported>false</expressionLanguageSupported><expressionLanguageScope>NONE</expressionLanguageScope><dynamicallyModifiesClasspath>false</dynamicallyModifiesClasspath><dynamic>false</dynamic></property><property><name>Batch Size</name><displayName>Batch Size</displayName><description>Specifies how many records to send in a single batch, at most.</description><defaultValue>1000</defaultValue><required>true</required><sensitive>false</sensitive><expressionLanguageSupported>false</expressionLanguageSupported><expressionLanguageScope>NONE</expressionLanguageScope><dynamicallyModifiesClasspath>false</dynamicallyModifiesClasspath><dynamic>false</dynamic></property><property><name>s2s-transport-protocol</name><displayName>Transport Protocol</displayName><description>Specifies which transport protocol to use for Site-to-Site communication.</description><defaultValue>RAW</defaultValue><allowableValues><allowableValue><displayName>RAW</displayName><value>RAW</value><description></description></allowableValue><allowableValue><displayName>HTTP</displayName><value>HTTP</value><description></description></allowableValue></allowableValues><required>true</required><sensitive>false</sensitive><expressionLanguageSupported>false</expressionLanguageSupported><expressionLanguageScope>NONE</expressionLanguageScope><dynamicallyModifiesClasspath>false</dynamicallyModifiesClasspath><dynamic>false</dynamic></property><property><name>proxy-configuration-service</name><displayName>Proxy Configuration Service</displayName><description>Specifies the Proxy Configuration Controller Service to proxy network requests. Supported proxies: HTTP + AuthN</description><controllerServiceDefinition><className>org.apache.nifi.proxy.ProxyConfigurationService</className><groupId>org.apache.nifi</groupId><artifactId>nifi-standard-services-api-nar</artifactId><version>2.4.0</version></controllerServiceDefinition><required>false</required><sensitive>false</sensitive><expressionLanguageSupported>false</expressionLanguageSupported><expressionLanguageScope>NONE</expressionLanguageScope><dynamicallyModifiesClasspath>false</dynamicallyModifiesClasspath><dynamic>false</dynamic><dependencies><dependency><propertyName>s2s-transport-protocol</propertyName><propertyDisplayName>Transport Protocol</propertyDisplayName><dependentValues><dependentValue>HTTP</dependentValue></dependentValues></dependency></dependencies></property><property><name>record-writer</name><displayName>Record Writer</displayName><description>Specifies the Controller Service to use for writing out the records.</description><controllerServiceDefinition><className>org.apache.nifi.serialization.RecordSetWriterFactory</className><groupId>org.apache.nifi</groupId><artifactId>nifi-standard-services-api-nar</artifactId><version>2.4.0</version></controllerServiceDefinition><required>false</required><sensitive>false</sensitive><expressionLanguageSupported>false</expressionLanguageSupported><expressionLanguageScope>NONE</expressionLanguageScope><dynamicallyModifiesClasspath>false</dynamicallyModifiesClasspath><dynamic>false</dynamic></property><property><name>include-null-values</name><displayName>Include Null Values</displayName><description>Indicate if null values should be included in records. Default will be false</description><defaultValue>false</defaultValue><allowableValues><allowableValue><displayName>true</displayName><value>true</value><description></description></allowableValue><allowableValue><displayName>false</displayName><value>false</value><description></description></allowableValue></allowableValues><required>true</required><sensitive>false</sensitive><expressionLanguageSupported>false</expressionLanguageSupported><expressionLanguageScope>NONE</expressionLanguageScope><dynamicallyModifiesClasspath>false</dynamicallyModifiesClasspath><dynamic>false</dynamic></property><property><name>Platform</name><displayName>Platform</displayName><description>The value to use for the platform field in each event.</description><defaultValue>nifi</defaultValue><required>true</required><sensitive>false</sensitive><expressionLanguageSupported>true</expressionLanguageSupported><expressionLanguageScope>ENVIRONMENT</expressionLanguageScope><dynamicallyModifiesClasspath>false</dynamicallyModifiesClasspath><dynamic>false</dynamic></property><property><name>s2s-prov-task-event-filter</name><displayName>Event Type to Include</displayName><description>Comma-separated list of event types that will be used to filter the provenance events sent by the reporting task. Available event types are [CREATE, RECEIVE, FETCH, SEND, UPLOAD, REMOTE_INVOCATION, DOWNLOAD, DROP, EXPIRE, FORK, JOIN, CLONE, CONTENT_MODIFIED, ATTRIBUTES_MODIFIED, ROUTE, ADDINFO, REPLAY, UNKNOWN]. If no filter is set, all the events are sent. If multiple filters are set, the filters are cumulative.</description><required>false</required><sensitive>false</sensitive><expressionLanguageSupported>true</expressionLanguageSupported><expressionLanguageScope>ENVIRONMENT</expressionLanguageScope><dynamicallyModifiesClasspath>false</dynamicallyModifiesClasspath><dynamic>false</dynamic></property><property><name>s2s-prov-task-event-filter-exclude</name><displayName>Event Type to Exclude</displayName><description>Comma-separated list of event types that will be used to exclude the provenance events sent by the reporting task. Available event types are [CREATE, RECEIVE, FETCH, SEND, UPLOAD, REMOTE_INVOCATION, DOWNLOAD, DROP, EXPIRE, FORK, JOIN, CLONE, CONTENT_MODIFIED, ATTRIBUTES_MODIFIED, ROUTE, ADDINFO, REPLAY, UNKNOWN]. If no filter is set, all the events are sent. If multiple filters are set, the filters are cumulative. If an event type is included in Event Type to Include and excluded here, then the exclusion takes precedence and the event will not be sent.</description><required>false</required><sensitive>false</sensitive><expressionLanguageSupported>true</expressionLanguageSupported><expressionLanguageScope>ENVIRONMENT</expressionLanguageScope><dynamicallyModifiesClasspath>false</dynamicallyModifiesClasspath><dynamic>false</dynamic></property><property><name>s2s-prov-task-type-filter</name><displayName>Component Type to Include</displayName><description>Regular expression to filter the provenance events based on the component type. Only the events matching the regular expression will be sent. If no filter is set, all the events are sent. If multiple filters are set, the filters are cumulative.</description><required>false</required><sensitive>false</sensitive><expressionLanguageSupported>true</expressionLanguageSupported><expressionLanguageScope>ENVIRONMENT</expressionLanguageScope><dynamicallyModifiesClasspath>false</dynamicallyModifiesClasspath><dynamic>false</dynamic></property><property><name>s2s-prov-task-type-filter-exclude</name><displayName>Component Type to Exclude</displayName><description>Regular expression to exclude the provenance events based on the component type. The events matching the regular expression will not be sent. If no filter is set, all the events are sent. If multiple filters are set, the filters are cumulative. If a component type is included in Component Type to Include and excluded here, then the exclusion takes precedence and the event will not be sent.</description><required>false</required><sensitive>false</sensitive><expressionLanguageSupported>true</expressionLanguageSupported><expressionLanguageScope>ENVIRONMENT</expressionLanguageScope><dynamicallyModifiesClasspath>false</dynamicallyModifiesClasspath><dynamic>false</dynamic></property><property><name>s2s-prov-task-id-filter</name><displayName>Component ID to Include</displayName><description>Comma-separated list of component UUID that will be used to filter the provenance events sent by the reporting task. If no filter is set, all the events are sent. If multiple filters are set, the filters are cumulative.</description><required>false</required><sensitive>false</sensitive><expressionLanguageSupported>true</expressionLanguageSupported><expressionLanguageScope>ENVIRONMENT</expressionLanguageScope><dynamicallyModifiesClasspath>false</dynamicallyModifiesClasspath><dynamic>false</dynamic></property><property><name>s2s-prov-task-id-filter-exclude</name><displayName>Component ID to Exclude</displayName><description>Comma-separated list of component UUID that will be used to exclude the provenance events sent by the reporting task. If no filter is set, all the events are sent. If multiple filters are set, the filters are cumulative. If a component UUID is included in Component ID to Include and excluded here, then the exclusion takes precedence and the event will not be sent.</description><required>false</required><sensitive>false</sensitive><expressionLanguageSupported>true</expressionLanguageSupported><expressionLanguageScope>ENVIRONMENT</expressionLanguageScope><dynamicallyModifiesClasspath>false</dynamicallyModifiesClasspath><dynamic>false</dynamic></property><property><name>s2s-prov-task-name-filter</name><displayName>Component Name to Include</displayName><description>Regular expression to filter the provenance events based on the component name. Only the events matching the regular expression will be sent. If no filter is set, all the events are sent. If multiple filters are set, the filters are cumulative.</description><required>false</required><sensitive>false</sensitive><expressionLanguageSupported>true</expressionLanguageSupported><expressionLanguageScope>ENVIRONMENT</expressionLanguageScope><dynamicallyModifiesClasspath>false</dynamicallyModifiesClasspath><dynamic>false</dynamic></property><property><name>s2s-prov-task-name-filter-exclude</name><displayName>Component Name to Exclude</displayName><description>Regular expression to exclude the provenance events based on the component name. The events matching the regular expression will not be sent. If no filter is set, all the events are sent. If multiple filters are set, the filters are cumulative. If a component name is included in Component Name to Include and excluded here, then the exclusion takes precedence and the event will not be sent.</description><required>false</required><sensitive>false</sensitive><expressionLanguageSupported>true</expressionLanguageSupported><expressionLanguageScope>ENVIRONMENT</expressionLanguageScope><dynamicallyModifiesClasspath>false</dynamicallyModifiesClasspath><dynamic>false</dynamic></property><property><name>start-position</name><displayName>Start Position</displayName><description>If the Reporting Task has never been run, or if its state has been reset by a user, specifies where in the stream of Provenance Events the Reporting Task should start</description><defaultValue>beginning-of-stream</defaultValue><allowableValues><allowableValue><displayName>Beginning of Stream</displayName><value>beginning-of-stream</value><description>Start reading provenance Events from the beginning of the stream (the oldest event first)</description></allowableValue><allowableValue><displayName>End of Stream</displayName><value>end-of-stream</value><description>Start reading provenance Events from the end of the stream, ignoring old events</description></allowableValue></allowableValues><required>true</required><sensitive>false</sensitive><expressionLanguageSupported>false</expressionLanguageSupported><expressionLanguageScope>NONE</expressionLanguageScope><dynamicallyModifiesClasspath>false</dynamicallyModifiesClasspath><dynamic>false</dynamic></property></properties><stateful><description>Stores the Reporting Task's last event Id so that on restart the task knows where it left off.</description><scopes><scope>LOCAL</scope></scopes></stateful><restricted><restrictions><restriction><requiredPermission>export nifi details</requiredPermission><explanation>Provides operator the ability to send sensitive details contained in Provenance events to any external system.</explanation></restriction></restrictions></restricted></extension><extension><name>org.apache.nifi.reporting.SiteToSiteStatusReportingTask</name><type>REPORTING_TASK</type><description>Publishes Status events using the Site To Site protocol.  The component type and name filter regexes form a union: only components matching both regexes will be reported.  However, all process groups are recursively searched for matching components, regardless of whether the process group matches the component filters.</description><tags><tag>status</tag><tag>metrics</tag><tag>history</tag><tag>site</tag><tag>site to site</tag></tags><properties><property><name>Destination URL</name><displayName>Destination URL</displayName><description>The URL of the destination NiFi instance or, if clustered, a comma-separated list of address in the format of http(s)://host:port/nifi. This destination URL will only be used to initiate the Site-to-Site connection. The data sent by this reporting task will be load-balanced on all the nodes of the destination (if clustered).</description><required>true</required><sensitive>false</sensitive><expressionLanguageSupported>true</expressionLanguageSupported><expressionLanguageScope>ENVIRONMENT</expressionLanguageScope><dynamicallyModifiesClasspath>false</dynamicallyModifiesClasspath><dynamic>false</dynamic></property><property><name>Input Port Name</name><displayName>Input Port Name</displayName><description>The name of the Input Port to deliver data to.</description><required>true</required><sensitive>false</sensitive><expressionLanguageSupported>true</expressionLanguageSupported><expressionLanguageScope>ENVIRONMENT</expressionLanguageScope><dynamicallyModifiesClasspath>false</dynamicallyModifiesClasspath><dynamic>false</dynamic></property><property><name>SSL Context Service</name><displayName>SSL Context Service</displayName><description>The SSL Context Service to use when communicating with the destination. If not specified, communications will not be secure.</description><controllerServiceDefinition><className>org.apache.nifi.ssl.SSLContextProvider</className><groupId>org.apache.nifi</groupId><artifactId>nifi-standard-services-api-nar</artifactId><version>2.4.0</version></controllerServiceDefinition><required>false</required><sensitive>false</sensitive><expressionLanguageSupported>false</expressionLanguageSupported><expressionLanguageScope>NONE</expressionLanguageScope><dynamicallyModifiesClasspath>false</dynamicallyModifiesClasspath><dynamic>false</dynamic></property><property><name>Instance URL</name><displayName>Instance URL</displayName><description>The URL of this instance to use in the Content URI of each event.</description><defaultValue>http://${hostname(true)}:8080/nifi</defaultValue><required>true</required><sensitive>false</sensitive><expressionLanguageSupported>true</expressionLanguageSupported><expressionLanguageScope>ENVIRONMENT</expressionLanguageScope><dynamicallyModifiesClasspath>false</dynamicallyModifiesClasspath><dynamic>false</dynamic></property><property><name>Compress Events</name><displayName>Compress Events</displayName><description>Indicates whether or not to compress the data being sent.</description><defaultValue>true</defaultValue><allowableValues><allowableValue><displayName>true</displayName><value>true</value><description></description></allowableValue><allowableValue><displayName>false</displayName><value>false</value><description></description></allowableValue></allowableValues><required>true</required><sensitive>false</sensitive><expressionLanguageSupported>false</expressionLanguageSupported><expressionLanguageScope>NONE</expressionLanguageScope><dynamicallyModifiesClasspath>false</dynamicallyModifiesClasspath><dynamic>false</dynamic></property><property><name>Communications Timeout</name><displayName>Communications Timeout</displayName><description>Specifies how long to wait to a response from the destination before deciding that an error has occurred and canceling the transaction</description><defaultValue>30 secs</defaultValue><required>true</required><sensitive>false</sensitive><expressionLanguageSupported>false</expressionLanguageSupported><expressionLanguageScope>NONE</expressionLanguageScope><dynamicallyModifiesClasspath>false</dynamicallyModifiesClasspath><dynamic>false</dynamic></property><property><name>Batch Size</name><displayName>Batch Size</displayName><description>Specifies how many records to send in a single batch, at most.</description><defaultValue>1000</defaultValue><required>true</required><sensitive>false</sensitive><expressionLanguageSupported>false</expressionLanguageSupported><expressionLanguageScope>NONE</expressionLanguageScope><dynamicallyModifiesClasspath>false</dynamicallyModifiesClasspath><dynamic>false</dynamic></property><property><name>s2s-transport-protocol</name><displayName>Transport Protocol</displayName><description>Specifies which transport protocol to use for Site-to-Site communication.</description><defaultValue>RAW</defaultValue><allowableValues><allowableValue><displayName>RAW</displayName><value>RAW</value><description></description></allowableValue><allowableValue><displayName>HTTP</displayName><value>HTTP</value><description></description></allowableValue></allowableValues><required>true</required><sensitive>false</sensitive><expressionLanguageSupported>false</expressionLanguageSupported><expressionLanguageScope>NONE</expressionLanguageScope><dynamicallyModifiesClasspath>false</dynamicallyModifiesClasspath><dynamic>false</dynamic></property><property><name>proxy-configuration-service</name><displayName>Proxy Configuration Service</displayName><description>Specifies the Proxy Configuration Controller Service to proxy network requests. Supported proxies: HTTP + AuthN</description><controllerServiceDefinition><className>org.apache.nifi.proxy.ProxyConfigurationService</className><groupId>org.apache.nifi</groupId><artifactId>nifi-standard-services-api-nar</artifactId><version>2.4.0</version></controllerServiceDefinition><required>false</required><sensitive>false</sensitive><expressionLanguageSupported>false</expressionLanguageSupported><expressionLanguageScope>NONE</expressionLanguageScope><dynamicallyModifiesClasspath>false</dynamicallyModifiesClasspath><dynamic>false</dynamic><dependencies><dependency><propertyName>s2s-transport-protocol</propertyName><propertyDisplayName>Transport Protocol</propertyDisplayName><dependentValues><dependentValue>HTTP</dependentValue></dependentValues></dependency></dependencies></property><property><name>record-writer</name><displayName>Record Writer</displayName><description>Specifies the Controller Service to use for writing out the records.</description><controllerServiceDefinition><className>org.apache.nifi.serialization.RecordSetWriterFactory</className><groupId>org.apache.nifi</groupId><artifactId>nifi-standard-services-api-nar</artifactId><version>2.4.0</version></controllerServiceDefinition><required>false</required><sensitive>false</sensitive><expressionLanguageSupported>false</expressionLanguageSupported><expressionLanguageScope>NONE</expressionLanguageScope><dynamicallyModifiesClasspath>false</dynamicallyModifiesClasspath><dynamic>false</dynamic></property><property><name>include-null-values</name><displayName>Include Null Values</displayName><description>Indicate if null values should be included in records. Default will be false</description><defaultValue>false</defaultValue><allowableValues><allowableValue><displayName>true</displayName><value>true</value><description></description></allowableValue><allowableValue><displayName>false</displayName><value>false</value><description></description></allowableValue></allowableValues><required>true</required><sensitive>false</sensitive><expressionLanguageSupported>false</expressionLanguageSupported><expressionLanguageScope>NONE</expressionLanguageScope><dynamicallyModifiesClasspath>false</dynamicallyModifiesClasspath><dynamic>false</dynamic></property><property><name>Platform</name><displayName>Platform</displayName><description>The value to use for the platform field in each status record.</description><defaultValue>nifi</defaultValue><required>true</required><sensitive>false</sensitive><expressionLanguageSupported>true</expressionLanguageSupported><expressionLanguageScope>ENVIRONMENT</expressionLanguageScope><dynamicallyModifiesClasspath>false</dynamicallyModifiesClasspath><dynamic>false</dynamic></property><property><name>Component Type Filter Regex</name><displayName>Component Type Filter Regex</displayName><description>A regex specifying which component types to report.  Any component type matching this regex will be included.  Component types are: Processor, RootProcessGroup, ProcessGroup, RemoteProcessGroup, Connection, InputPort, OutputPort</description><defaultValue>(Processor|ProcessGroup|RemoteProcessGroup|RootProcessGroup|Connection|InputPort|OutputPort)</defaultValue><required>true</required><sensitive>false</sensitive><expressionLanguageSupported>true</expressionLanguageSupported><expressionLanguageScope>ENVIRONMENT</expressionLanguageScope><dynamicallyModifiesClasspath>false</dynamicallyModifiesClasspath><dynamic>false</dynamic></property><property><name>Component Name Filter Regex</name><displayName>Component Name Filter Regex</displayName><description>A regex specifying which component names to report.  Any component name matching this regex will be included.</description><defaultValue>.*</defaultValue><required>true</required><sensitive>false</sensitive><expressionLanguageSupported>true</expressionLanguageSupported><expressionLanguageScope>ENVIRONMENT</expressionLanguageScope><dynamicallyModifiesClasspath>false</dynamicallyModifiesClasspath><dynamic>false</dynamic></property></properties></extension></extensions></extensionManifest>