<extensionManifest><groupId>org.apache.nifi</groupId><artifactId>nifi-apicurio-nar</artifactId><version>2.4.0</version><parentNar><groupId>org.apache.nifi</groupId><artifactId>nifi-standard-shared-nar</artifactId><version>2.4.0</version></parentNar><systemApiVersion>2.1.0</systemApiVersion><buildInfo><tag>HEAD</tag><branch>UNKNOWN</branch><revision>65c7732</revision></buildInfo><extensions><extension><name>org.apache.nifi.apicurio.schemaregistry.ApicurioSchemaRegistry</name><type>CONTROLLER_SERVICE</type><description>Provides a Schema Registry that interacts with the Apicurio Schema Registry so that those Schemas that are stored in the Apicurio Schema Registry can be used in NiFi. When a Schema is looked up by name by this registry, it will find a Schema in the Apicurio Schema Registry with their artifact identifiers.</description><tags><tag>schema</tag><tag>registry</tag><tag>apicurio</tag><tag>avro</tag></tags><properties><property><name>Schema Registry URL</name><displayName>Schema Registry URL</displayName><description>The URL of the Schema Registry e.g. http://localhost:8080</description><required>true</required><sensitive>false</sensitive><expressionLanguageSupported>false</expressionLanguageSupported><expressionLanguageScope>NONE</expressionLanguageScope><dynamicallyModifiesClasspath>false</dynamicallyModifiesClasspath><dynamic>false</dynamic></property><property><name>Schema Group ID</name><displayName>Schema Group ID</displayName><description>The artifact Group ID for the schemas</description><defaultValue>default</defaultValue><required>true</required><sensitive>false</sensitive><expressionLanguageSupported>true</expressionLanguageSupported><expressionLanguageScope>ENVIRONMENT</expressionLanguageScope><dynamicallyModifiesClasspath>false</dynamicallyModifiesClasspath><dynamic>false</dynamic></property><property><name>Cache Size</name><displayName>Cache Size</displayName><description>Specifies how many Schemas should be cached from the Schema Registry. The cache size must be a non-negative integer. When it is set to 0, the cache is effectively disabled.</description><defaultValue>1000</defaultValue><required>true</required><sensitive>false</sensitive><expressionLanguageSupported>false</expressionLanguageSupported><expressionLanguageScope>NONE</expressionLanguageScope><dynamicallyModifiesClasspath>false</dynamicallyModifiesClasspath><dynamic>false</dynamic></property><property><name>Cache Expiration</name><displayName>Cache Expiration</displayName><description>Specifies how long a Schema that is cached should remain in the cache. Once this time period elapses, a cached version of a schema will no longer be used, and the service will have to communicate with the Schema Registry again in order to obtain the schema.</description><defaultValue>1 hour</defaultValue><required>true</required><sensitive>false</sensitive><expressionLanguageSupported>false</expressionLanguageSupported><expressionLanguageScope>NONE</expressionLanguageScope><dynamicallyModifiesClasspath>false</dynamicallyModifiesClasspath><dynamic>false</dynamic></property><property><name>Web Client Service Provider</name><displayName>Web Client Service Provider</displayName><description>Controller service for HTTP client operations</description><controllerServiceDefinition><className>org.apache.nifi.web.client.provider.api.WebClientServiceProvider</className><groupId>org.apache.nifi</groupId><artifactId>nifi-standard-services-api-nar</artifactId><version>2.4.0</version></controllerServiceDefinition><required>true</required><sensitive>false</sensitive><expressionLanguageSupported>false</expressionLanguageSupported><expressionLanguageScope>NONE</expressionLanguageScope><dynamicallyModifiesClasspath>false</dynamicallyModifiesClasspath><dynamic>false</dynamic></property></properties><providedServiceAPIs><providedServiceAPI><className>org.apache.nifi.schemaregistry.services.SchemaRegistry</className><groupId>org.apache.nifi</groupId><artifactId>nifi-standard-services-api-nar</artifactId><version>2.4.0</version></providedServiceAPI></providedServiceAPIs></extension></extensions></extensionManifest>