<extensionManifest><groupId>org.apache.nifi</groupId><artifactId>nifi-social-media-nar</artifactId><version>2.4.0</version><parentNar><groupId>org.apache.nifi</groupId><artifactId>nifi-standard-shared-nar</artifactId><version>2.4.0</version></parentNar><systemApiVersion>2.1.0</systemApiVersion><buildInfo><tag>HEAD</tag><branch>UNKNOWN</branch><revision>65c7732</revision></buildInfo><extensions><extension><name>org.apache.nifi.processors.twitter.ConsumeTwitter</name><type>PROCESSOR</type><description>Streams tweets from Twitter's streaming API v2. The stream provides a sample stream or a search stream based on previously uploaded rules. This processor also provides a pass through for certain fields of the tweet to be returned as part of the response. See https://developer.twitter.com/en/docs/twitter-api/data-dictionary/introduction for more information regarding the Tweet object model.</description><tags><tag>twitter</tag><tag>tweets</tag><tag>social media</tag><tag>status</tag><tag>json</tag></tags><properties><property><name>stream-endpoint</name><displayName>Stream Endpoint</displayName><description>The source from which the processor will consume Tweets.</description><defaultValue>Sample Endpoint</defaultValue><allowableValues><allowableValue><displayName>Sample Stream</displayName><value>Sample Endpoint</value><description>Streams about one percent of all Tweets. https://developer.twitter.com/en/docs/twitter-api/tweets/volume-streams/api-reference/get-tweets-sample-stream</description></allowableValue><allowableValue><displayName>Search Stream</displayName><value>Search Endpoint</value><description>The search stream produces Tweets that match filtering rules configured on Twitter services. At least one well-formed filtering rule must be configured. https://developer.twitter.com/en/docs/twitter-api/tweets/filtered-stream/api-reference/get-tweets-search-stream</description></allowableValue></allowableValues><required>true</required><sensitive>false</sensitive><expressionLanguageSupported>false</expressionLanguageSupported><expressionLanguageScope>NONE</expressionLanguageScope><dynamicallyModifiesClasspath>false</dynamicallyModifiesClasspath><dynamic>false</dynamic></property><property><name>base-path</name><displayName>Base Path</displayName><description>The base path that the processor will use for making HTTP requests. The default value should be sufficient for most use cases.</description><defaultValue>https://api.twitter.com</defaultValue><required>true</required><sensitive>false</sensitive><expressionLanguageSupported>false</expressionLanguageSupported><expressionLanguageScope>NONE</expressionLanguageScope><dynamicallyModifiesClasspath>false</dynamicallyModifiesClasspath><dynamic>false</dynamic></property><property><name>bearer-token</name><displayName>Bearer Token</displayName><description>The Bearer Token provided by Twitter.</description><required>true</required><sensitive>true</sensitive><expressionLanguageSupported>false</expressionLanguageSupported><expressionLanguageScope>NONE</expressionLanguageScope><dynamicallyModifiesClasspath>false</dynamicallyModifiesClasspath><dynamic>false</dynamic></property><property><name>queue-size</name><displayName>Queue Size</displayName><description>Maximum size of internal queue for streamed messages</description><defaultValue>10000</defaultValue><required>true</required><sensitive>false</sensitive><expressionLanguageSupported>false</expressionLanguageSupported><expressionLanguageScope>NONE</expressionLanguageScope><dynamicallyModifiesClasspath>false</dynamicallyModifiesClasspath><dynamic>false</dynamic></property><property><name>batch-size</name><displayName>Batch Size</displayName><description>The maximum size of the number of Tweets to be written to a single FlowFile. Will write fewer Tweets based on the number available in the queue at the time of processor invocation.</description><defaultValue>1000</defaultValue><required>true</required><sensitive>false</sensitive><expressionLanguageSupported>false</expressionLanguageSupported><expressionLanguageScope>NONE</expressionLanguageScope><dynamicallyModifiesClasspath>false</dynamicallyModifiesClasspath><dynamic>false</dynamic></property><property><name>backoff-attempts</name><displayName>Backoff Attempts</displayName><description>The number of reconnection tries the processor will attempt in the event of a disconnection of the stream for any reason, before throwing an exception. To start a stream after this exception occur and the connection is fixed, please stop and restart the processor. If the valueof this property is 0, then backoff will never occur and the processor will always need to be restartedif the stream fails.</description><defaultValue>5</defaultValue><required>true</required><sensitive>false</sensitive><expressionLanguageSupported>false</expressionLanguageSupported><expressionLanguageScope>NONE</expressionLanguageScope><dynamicallyModifiesClasspath>false</dynamicallyModifiesClasspath><dynamic>false</dynamic></property><property><name>backoff-time</name><displayName>Backoff Time</displayName><description>The duration to backoff before requesting a new stream ifthe current one fails for any reason. Will increase by factor of 2 every time a restart fails</description><defaultValue>1 mins</defaultValue><required>true</required><sensitive>false</sensitive><expressionLanguageSupported>false</expressionLanguageSupported><expressionLanguageScope>NONE</expressionLanguageScope><dynamicallyModifiesClasspath>false</dynamicallyModifiesClasspath><dynamic>false</dynamic></property><property><name>maximum-backoff-time</name><displayName>Maximum Backoff Time</displayName><description>The maximum duration to backoff to start attempting a new stream.It is recommended that this number be much higher than the 'Backoff Time' property</description><defaultValue>5 mins</defaultValue><required>true</required><sensitive>false</sensitive><expressionLanguageSupported>false</expressionLanguageSupported><expressionLanguageScope>NONE</expressionLanguageScope><dynamicallyModifiesClasspath>false</dynamicallyModifiesClasspath><dynamic>false</dynamic></property><property><name>connect-timeout</name><displayName>Connect Timeout</displayName><description>The maximum time in which client should establish a connection with the Twitter API before a time out. Setting the value to 0 disables connection timeouts.</description><defaultValue>10 secs</defaultValue><required>true</required><sensitive>false</sensitive><expressionLanguageSupported>false</expressionLanguageSupported><expressionLanguageScope>NONE</expressionLanguageScope><dynamicallyModifiesClasspath>false</dynamicallyModifiesClasspath><dynamic>false</dynamic></property><property><name>read-timeout</name><displayName>Read Timeout</displayName><description>The maximum time of inactivity between receiving tweets from Twitter through the API before a timeout. Setting the value to 0 disables read timeouts.</description><defaultValue>10 secs</defaultValue><required>true</required><sensitive>false</sensitive><expressionLanguageSupported>false</expressionLanguageSupported><expressionLanguageScope>NONE</expressionLanguageScope><dynamicallyModifiesClasspath>false</dynamicallyModifiesClasspath><dynamic>false</dynamic></property><property><name>backfill-minutes</name><displayName>Backfill Minutes</displayName><description>The number of minutes (up to 5 minutes) of streaming data to be requested after a disconnect. Only available for project with academic research access. See https://developer.twitter.com/en/docs/twitter-api/tweets/filtered-stream/integrate/recovery-and-redundancy-features</description><defaultValue>0</defaultValue><required>true</required><sensitive>false</sensitive><expressionLanguageSupported>false</expressionLanguageSupported><expressionLanguageScope>NONE</expressionLanguageScope><dynamicallyModifiesClasspath>false</dynamicallyModifiesClasspath><dynamic>false</dynamic></property><property><name>tweet-fields</name><displayName>Tweet Fields</displayName><description>A comma-separated list of tweet fields to be returned as part of the tweet. Refer to https://developer.twitter.com/en/docs/twitter-api/data-dictionary/object-model/tweet for proper usage. Possible field values include: attachments, author_id, context_annotations, conversation_id, created_at, entities, geo, id, in_reply_to_user_id, lang, non_public_metrics, organic_metrics, possibly_sensitive, promoted_metrics, public_metrics, referenced_tweets, reply_settings, source, text, withheld</description><required>false</required><sensitive>false</sensitive><expressionLanguageSupported>false</expressionLanguageSupported><expressionLanguageScope>NONE</expressionLanguageScope><dynamicallyModifiesClasspath>false</dynamicallyModifiesClasspath><dynamic>false</dynamic></property><property><name>user-fields</name><displayName>User Fields</displayName><description>A comma-separated list of user fields to be returned as part of the tweet. Refer to https://developer.twitter.com/en/docs/twitter-api/data-dictionary/object-model/user for proper usage. Possible field values include: created_at, description, entities, id, location, name, pinned_tweet_id, profile_image_url, protected, public_metrics, url, username, verified, withheld</description><required>false</required><sensitive>false</sensitive><expressionLanguageSupported>false</expressionLanguageSupported><expressionLanguageScope>NONE</expressionLanguageScope><dynamicallyModifiesClasspath>false</dynamicallyModifiesClasspath><dynamic>false</dynamic></property><property><name>media-fields</name><displayName>Media Fields</displayName><description>A comma-separated list of media fields to be returned as part of the tweet. Refer to https://developer.twitter.com/en/docs/twitter-api/data-dictionary/object-model/media for proper usage. Possible field values include: alt_text, duration_ms, height, media_key, non_public_metrics, organic_metrics, preview_image_url, promoted_metrics, public_metrics, type, url, width</description><required>false</required><sensitive>false</sensitive><expressionLanguageSupported>false</expressionLanguageSupported><expressionLanguageScope>NONE</expressionLanguageScope><dynamicallyModifiesClasspath>false</dynamicallyModifiesClasspath><dynamic>false</dynamic></property><property><name>poll-fields</name><displayName>Poll Fields</displayName><description>A comma-separated list of poll fields to be returned as part of the tweet. Refer to https://developer.twitter.com/en/docs/twitter-api/data-dictionary/object-model/poll for proper usage. Possible field values include: duration_minutes, end_datetime, id, options, voting_status</description><required>false</required><sensitive>false</sensitive><expressionLanguageSupported>false</expressionLanguageSupported><expressionLanguageScope>NONE</expressionLanguageScope><dynamicallyModifiesClasspath>false</dynamicallyModifiesClasspath><dynamic>false</dynamic></property><property><name>place-fields</name><displayName>Place Fields</displayName><description>A comma-separated list of place fields to be returned as part of the tweet. Refer to https://developer.twitter.com/en/docs/twitter-api/data-dictionary/object-model/place for proper usage. Possible field values include: contained_within, country, country_code, full_name, geo, id, name, place_type</description><required>false</required><sensitive>false</sensitive><expressionLanguageSupported>false</expressionLanguageSupported><expressionLanguageScope>NONE</expressionLanguageScope><dynamicallyModifiesClasspath>false</dynamicallyModifiesClasspath><dynamic>false</dynamic></property><property><name>expansions</name><displayName>Expansions</displayName><description>A comma-separated list of expansions for objects in the returned tweet. See https://developer.twitter.com/en/docs/twitter-api/expansions for proper usage. Possible field values include: author_id, referenced_tweets.id, referenced_tweets.id.author_id, entities.mentions.username, attachments.poll_ids, attachments.media_keys ,in_reply_to_user_id, geo.place_id</description><required>false</required><sensitive>false</sensitive><expressionLanguageSupported>false</expressionLanguageSupported><expressionLanguageScope>NONE</expressionLanguageScope><dynamicallyModifiesClasspath>false</dynamicallyModifiesClasspath><dynamic>false</dynamic></property></properties><relationships><relationship><name>success</name><description>FlowFiles containing an array of one or more Tweets</description><autoTerminated>false</autoTerminated></relationship></relationships><writesAttributes><writesAttribute><name>mime.type</name><description>The MIME Type set to application/json</description></writesAttribute><writesAttribute><name>tweets</name><description>The number of Tweets in the FlowFile</description></writesAttribute></writesAttributes><supportsBatching>true</supportsBatching><primaryNodeOnly>true</primaryNodeOnly><inputRequirement>INPUT_FORBIDDEN</inputRequirement></extension></extensions></extensionManifest>