<extensionManifest><groupId>org.apache.nifi</groupId><artifactId>nifi-windows-event-log-nar</artifactId><version>2.4.0</version><systemApiVersion>2.1.0</systemApiVersion><buildInfo><tag>HEAD</tag><branch>UNKNOWN</branch><revision>65c7732</revision></buildInfo><extensions><extension><name>org.apache.nifi.processors.windows.event.log.ConsumeWindowsEventLog</name><type>PROCESSOR</type><description>Registers a Windows Event Log Subscribe Callback to receive FlowFiles from Events on Windows.  These can be filtered via channel and XPath.</description><tags><tag>ingest</tag><tag>event</tag><tag>windows</tag></tags><properties><property><name>channel</name><displayName>Channel</displayName><description>The Windows Event Log Channel to listen to.</description><defaultValue>System</defaultValue><required>true</required><sensitive>false</sensitive><expressionLanguageSupported>true</expressionLanguageSupported><expressionLanguageScope>ENVIRONMENT</expressionLanguageScope><dynamicallyModifiesClasspath>false</dynamicallyModifiesClasspath><dynamic>false</dynamic></property><property><name>query</name><displayName>XPath Query</displayName><description>XPath Query to filter events. (See https://msdn.microsoft.com/en-us/library/windows/desktop/dd996910(v=vs.85).aspx for examples.)</description><defaultValue>*</defaultValue><required>true</required><sensitive>false</sensitive><expressionLanguageSupported>true</expressionLanguageSupported><expressionLanguageScope>ENVIRONMENT</expressionLanguageScope><dynamicallyModifiesClasspath>false</dynamicallyModifiesClasspath><dynamic>false</dynamic></property><property><name>maxBuffer</name><displayName>Maximum Buffer Size</displayName><description>The individual Event Log XMLs are rendered to a buffer.  This specifies the maximum size in bytes that the buffer will be allowed to grow to. (Limiting the maximum size of an individual Event XML.)</description><defaultValue>1048576</defaultValue><required>true</required><sensitive>false</sensitive><expressionLanguageSupported>false</expressionLanguageSupported><expressionLanguageScope>NONE</expressionLanguageScope><dynamicallyModifiesClasspath>false</dynamicallyModifiesClasspath><dynamic>false</dynamic></property><property><name>maxQueue</name><displayName>Maximum queue size</displayName><description>Events are received asynchronously and must be output as FlowFiles when the processor is triggered.  This specifies the maximum number of events to queue for transformation into FlowFiles.</description><defaultValue>1024</defaultValue><required>true</required><sensitive>false</sensitive><expressionLanguageSupported>false</expressionLanguageSupported><expressionLanguageScope>NONE</expressionLanguageScope><dynamicallyModifiesClasspath>false</dynamicallyModifiesClasspath><dynamic>false</dynamic></property><property><name>inactiveDurationToReconnect</name><displayName>Inactive duration to reconnect</displayName><description>If no new event logs are processed for the specified time period, this processor will try reconnecting to recover from a state where any further messages cannot be consumed. Such situation can happen if Windows Event Log service is restarted, or ERROR_EVT_QUERY_RESULT_STALE (15011) is returned. Setting no duration, e.g. '0 ms' disables auto-reconnection.</description><defaultValue>10 mins</defaultValue><required>true</required><sensitive>false</sensitive><expressionLanguageSupported>true</expressionLanguageSupported><expressionLanguageScope>ENVIRONMENT</expressionLanguageScope><dynamicallyModifiesClasspath>false</dynamicallyModifiesClasspath><dynamic>false</dynamic></property></properties><relationships><relationship><name>success</name><description>Relationship for successfully consumed events.</description><autoTerminated>false</autoTerminated></relationship></relationships><writesAttributes><writesAttribute><name>mime.type</name><description>Will set a MIME type value of application/xml.</description></writesAttribute></writesAttributes><triggerSerially>true</triggerSerially><inputRequirement>INPUT_FORBIDDEN</inputRequirement></extension></extensions></extensionManifest>