<extensionManifest><groupId>org.apache.nifi</groupId><artifactId>nifi-database-dialect-service-nar</artifactId><version>2.4.0</version><parentNar><groupId>org.apache.nifi</groupId><artifactId>nifi-standard-services-api-nar</artifactId><version>2.4.0</version></parentNar><systemApiVersion>2.1.0</systemApiVersion><buildInfo><tag>HEAD</tag><branch>UNKNOWN</branch><revision>65c7732</revision></buildInfo><extensions><extension><name>org.apache.nifi.database.dialect.service.StandardDatabaseDialectService</name><type>CONTROLLER_SERVICE</type><description>    Database Dialect Service supporting ANSI SQL.
    Supported Statement Types: ALTER, CREATE, SELECT
</description><tags><tag>Relational</tag><tag>Database</tag><tag>JDBC</tag><tag>SQL</tag></tags><providedServiceAPIs><providedServiceAPI><className>org.apache.nifi.database.dialect.service.api.DatabaseDialectService</className><groupId>org.apache.nifi</groupId><artifactId>nifi-standard-services-api-nar</artifactId><version>2.4.0</version></providedServiceAPI></providedServiceAPIs></extension></extensions></extensionManifest>