<extensionManifest><groupId>org.apache.nifi</groupId><artifactId>nifi-asana-services-nar</artifactId><version>2.4.0</version><parentNar><groupId>org.apache.nifi</groupId><artifactId>nifi-asana-services-api-nar</artifactId><version>2.4.0</version></parentNar><systemApiVersion>2.1.0</systemApiVersion><buildInfo><tag>HEAD</tag><branch>UNKNOWN</branch><revision>65c7732</revision></buildInfo><extensions><extension><name>org.apache.nifi.controller.asana.StandardAsanaClientProviderService</name><type>CONTROLLER_SERVICE</type><description>Common service to authenticate with Asana, and to work on a specified workspace.</description><tags><tag>asana</tag><tag>service</tag><tag>authentication</tag></tags><properties><property><name>asana-api-url</name><displayName>API URL</displayName><description>Base URL of Asana API. Leave it as default, unless you have your own Asana instance serving on a different URL. (typical for on-premise installations)</description><defaultValue>https://app.asana.com/api/1.0</defaultValue><required>true</required><sensitive>false</sensitive><expressionLanguageSupported>false</expressionLanguageSupported><expressionLanguageScope>NONE</expressionLanguageScope><dynamicallyModifiesClasspath>false</dynamicallyModifiesClasspath><dynamic>false</dynamic></property><property><name>asana-personal-access-token</name><displayName>Personal Access Token</displayName><description>Similarly to entering your username/password into a website, when you access your Asana data via the API you need to authenticate. Personal Access Token (PAT) is an authentication mechanism for accessing the API. You can generate a PAT from the Asana developer console. Refer to Asana Authentication Quick Start for detailed instructions on getting started.</description><required>true</required><sensitive>true</sensitive><expressionLanguageSupported>false</expressionLanguageSupported><expressionLanguageScope>NONE</expressionLanguageScope><dynamicallyModifiesClasspath>false</dynamicallyModifiesClasspath><dynamic>false</dynamic></property><property><name>asana-workspace-name</name><displayName>Workspace</displayName><description>Specify which Asana workspace to use. Case sensitive. A workspace is the highest-level organizational unit in Asana. All projects and tasks have an associated workspace. An organization is a special kind of workspace that represents a company. In an organization, you can group your projects into teams.</description><required>true</required><sensitive>false</sensitive><expressionLanguageSupported>false</expressionLanguageSupported><expressionLanguageScope>NONE</expressionLanguageScope><dynamicallyModifiesClasspath>false</dynamicallyModifiesClasspath><dynamic>false</dynamic></property></properties><providedServiceAPIs><providedServiceAPI><className>org.apache.nifi.controller.asana.AsanaClientProviderService</className><groupId>org.apache.nifi</groupId><artifactId>nifi-asana-services-api-nar</artifactId><version>2.4.0</version></providedServiceAPI></providedServiceAPIs></extension></extensions></extensionManifest>