<extensionManifest><groupId>org.apache.nifi</groupId><artifactId>nifi-dbcp-service-nar</artifactId><version>2.4.0</version><parentNar><groupId>org.apache.nifi</groupId><artifactId>nifi-standard-services-api-nar</artifactId><version>2.4.0</version></parentNar><systemApiVersion>2.1.0</systemApiVersion><buildInfo><tag>HEAD</tag><branch>UNKNOWN</branch><revision>65c7732</revision></buildInfo><extensions><extension><name>org.apache.nifi.dbcp.DBCPConnectionPool</name><type>CONTROLLER_SERVICE</type><description>Provides Database Connection Pooling Service. Connections can be asked from pool and returned after usage.</description><tags><tag>dbcp</tag><tag>jdbc</tag><tag>database</tag><tag>connection</tag><tag>pooling</tag><tag>store</tag></tags><properties><property><name>Database Connection URL</name><displayName>Database Connection URL</displayName><description>A database connection URL used to connect to a database. May contain database system name, host, port, database name and some parameters. The exact syntax of a database connection URL is specified by your DBMS.</description><required>true</required><sensitive>false</sensitive><expressionLanguageSupported>true</expressionLanguageSupported><expressionLanguageScope>ENVIRONMENT</expressionLanguageScope><dynamicallyModifiesClasspath>false</dynamicallyModifiesClasspath><dynamic>false</dynamic></property><property><name>Database Driver Class Name</name><displayName>Database Driver Class Name</displayName><description>Database driver class name</description><required>true</required><sensitive>false</sensitive><expressionLanguageSupported>true</expressionLanguageSupported><expressionLanguageScope>ENVIRONMENT</expressionLanguageScope><dynamicallyModifiesClasspath>false</dynamicallyModifiesClasspath><dynamic>false</dynamic></property><property><name>database-driver-locations</name><displayName>Database Driver Location(s)</displayName><description>Comma-separated list of files/folders and/or URLs containing the driver JAR and its dependencies (if any). For example '/var/tmp/mariadb-java-client-1.1.7.jar'</description><required>false</required><sensitive>false</sensitive><expressionLanguageSupported>true</expressionLanguageSupported><expressionLanguageScope>ENVIRONMENT</expressionLanguageScope><dynamicallyModifiesClasspath>true</dynamicallyModifiesClasspath><dynamic>false</dynamic><resourceDefinition><cardinality>MULTIPLE</cardinality><resourceTypes><resourceType>DIRECTORY</resourceType><resourceType>FILE</resourceType><resourceType>URL</resourceType></resourceTypes></resourceDefinition></property><property><name>kerberos-user-service</name><displayName>Kerberos User Service</displayName><description>Specifies the Kerberos User Controller Service that should be used for authenticating with Kerberos</description><controllerServiceDefinition><className>org.apache.nifi.kerberos.KerberosUserService</className><groupId>org.apache.nifi</groupId><artifactId>nifi-standard-services-api-nar</artifactId><version>2.4.0</version></controllerServiceDefinition><required>false</required><sensitive>false</sensitive><expressionLanguageSupported>false</expressionLanguageSupported><expressionLanguageScope>NONE</expressionLanguageScope><dynamicallyModifiesClasspath>false</dynamicallyModifiesClasspath><dynamic>false</dynamic></property><property><name>Database User</name><displayName>Database User</displayName><description>Database user name</description><required>false</required><sensitive>false</sensitive><expressionLanguageSupported>true</expressionLanguageSupported><expressionLanguageScope>ENVIRONMENT</expressionLanguageScope><dynamicallyModifiesClasspath>false</dynamicallyModifiesClasspath><dynamic>false</dynamic></property><property><name>Password</name><displayName>Password</displayName><description>The password for the database user</description><required>false</required><sensitive>true</sensitive><expressionLanguageSupported>true</expressionLanguageSupported><expressionLanguageScope>ENVIRONMENT</expressionLanguageScope><dynamicallyModifiesClasspath>false</dynamicallyModifiesClasspath><dynamic>false</dynamic></property><property><name>Max Wait Time</name><displayName>Max Wait Time</displayName><description>The maximum amount of time that the pool will wait (when there are no available connections)  for a connection to be returned before failing, or -1 to wait indefinitely. </description><defaultValue>500 millis</defaultValue><required>true</required><sensitive>false</sensitive><expressionLanguageSupported>true</expressionLanguageSupported><expressionLanguageScope>ENVIRONMENT</expressionLanguageScope><dynamicallyModifiesClasspath>false</dynamicallyModifiesClasspath><dynamic>false</dynamic></property><property><name>Max Total Connections</name><displayName>Max Total Connections</displayName><description>The maximum number of active connections that can be allocated from this pool at the same time,  or negative for no limit.</description><defaultValue>8</defaultValue><required>true</required><sensitive>false</sensitive><expressionLanguageSupported>true</expressionLanguageSupported><expressionLanguageScope>ENVIRONMENT</expressionLanguageScope><dynamicallyModifiesClasspath>false</dynamicallyModifiesClasspath><dynamic>false</dynamic></property><property><name>Validation-query</name><displayName>Validation query</displayName><description>Validation query used to validate connections before returning them. When connection is invalid, it gets dropped and new valid connection will be returned. Note!! Using validation might have some performance penalty.</description><required>false</required><sensitive>false</sensitive><expressionLanguageSupported>true</expressionLanguageSupported><expressionLanguageScope>ENVIRONMENT</expressionLanguageScope><dynamicallyModifiesClasspath>false</dynamicallyModifiesClasspath><dynamic>false</dynamic></property><property><name>dbcp-min-idle-conns</name><displayName>Minimum Idle Connections</displayName><description>The minimum number of connections that can remain idle in the pool without extra ones being created. Set to or zero to allow no idle connections.</description><defaultValue>0</defaultValue><required>false</required><sensitive>false</sensitive><expressionLanguageSupported>true</expressionLanguageSupported><expressionLanguageScope>ENVIRONMENT</expressionLanguageScope><dynamicallyModifiesClasspath>false</dynamicallyModifiesClasspath><dynamic>false</dynamic></property><property><name>dbcp-max-idle-conns</name><displayName>Max Idle Connections</displayName><description>The maximum number of connections that can remain idle in the pool without extra ones being released. Set to any negative value to allow unlimited idle connections.</description><defaultValue>8</defaultValue><required>false</required><sensitive>false</sensitive><expressionLanguageSupported>true</expressionLanguageSupported><expressionLanguageScope>ENVIRONMENT</expressionLanguageScope><dynamicallyModifiesClasspath>false</dynamicallyModifiesClasspath><dynamic>false</dynamic></property><property><name>dbcp-max-conn-lifetime</name><displayName>Max Connection Lifetime</displayName><description>The maximum lifetime of a connection. After this time is exceeded the connection will fail the next activation, passivation or validation test. A value of zero or less means the connection has an infinite lifetime.</description><defaultValue>-1</defaultValue><required>false</required><sensitive>false</sensitive><expressionLanguageSupported>true</expressionLanguageSupported><expressionLanguageScope>ENVIRONMENT</expressionLanguageScope><dynamicallyModifiesClasspath>false</dynamicallyModifiesClasspath><dynamic>false</dynamic></property><property><name>dbcp-time-between-eviction-runs</name><displayName>Time Between Eviction Runs</displayName><description>The time period to sleep between runs of the idle connection evictor thread. When non-positive, no idle connection evictor thread will be run.</description><defaultValue>-1</defaultValue><required>false</required><sensitive>false</sensitive><expressionLanguageSupported>true</expressionLanguageSupported><expressionLanguageScope>ENVIRONMENT</expressionLanguageScope><dynamicallyModifiesClasspath>false</dynamicallyModifiesClasspath><dynamic>false</dynamic></property><property><name>dbcp-min-evictable-idle-time</name><displayName>Minimum Evictable Idle Time</displayName><description>The minimum amount of time a connection may sit idle in the pool before it is eligible for eviction.</description><defaultValue>30 mins</defaultValue><required>false</required><sensitive>false</sensitive><expressionLanguageSupported>true</expressionLanguageSupported><expressionLanguageScope>ENVIRONMENT</expressionLanguageScope><dynamicallyModifiesClasspath>false</dynamicallyModifiesClasspath><dynamic>false</dynamic></property><property><name>dbcp-soft-min-evictable-idle-time</name><displayName>Soft Minimum Evictable Idle Time</displayName><description>The minimum amount of time a connection may sit idle in the pool before it is eligible for eviction by the idle connection evictor, with the extra condition that at least a minimum number of idle connections remain in the pool. When the not-soft version of this option is set to a positive value, it is examined first by the idle connection evictor: when idle connections are visited by the evictor, idle time is first compared against it (without considering the number of idle connections in the pool) and then against this soft option, including the minimum idle connections constraint.</description><defaultValue>-1</defaultValue><required>false</required><sensitive>false</sensitive><expressionLanguageSupported>true</expressionLanguageSupported><expressionLanguageScope>ENVIRONMENT</expressionLanguageScope><dynamicallyModifiesClasspath>false</dynamicallyModifiesClasspath><dynamic>false</dynamic></property></properties><dynamicProperties><dynamicProperty><name>JDBC property name</name><value>JDBC property value</value><description>JDBC driver property name and value applied to JDBC connections.</description><expressionLanguageScope>ENVIRONMENT</expressionLanguageScope></dynamicProperty><dynamicProperty><name>SENSITIVE.JDBC property name</name><value>JDBC property value</value><description>JDBC driver property name prefixed with 'SENSITIVE.' handled as a sensitive property.</description><expressionLanguageScope>NONE</expressionLanguageScope></dynamicProperty></dynamicProperties><supportsSensitiveDynamicProperties>true</supportsSensitiveDynamicProperties><restricted><restrictions><restriction><requiredPermission>reference remote resources</requiredPermission><explanation>Database Driver Location can reference resources over HTTP</explanation></restriction></restrictions></restricted><providedServiceAPIs><providedServiceAPI><className>org.apache.nifi.dbcp.DBCPService</className><groupId>org.apache.nifi</groupId><artifactId>nifi-standard-services-api-nar</artifactId><version>2.4.0</version></providedServiceAPI></providedServiceAPIs></extension><extension><name>org.apache.nifi.dbcp.DBCPConnectionPoolLookup</name><type>CONTROLLER_SERVICE</type><description>Provides a DBCPService that can be used to dynamically select another DBCPService. This service requires an attribute named 'database.name' to be passed in when asking for a connection, and will throw an exception if the attribute is missing. The value of 'database.name' will be used to select the DBCPService that has been registered with that name. This will allow multiple DBCPServices to be defined and registered, and then selected dynamically at runtime by tagging flow files with the appropriate 'database.name' attribute.</description><tags><tag>dbcp</tag><tag>jdbc</tag><tag>database</tag><tag>connection</tag><tag>pooling</tag><tag>store</tag></tags><dynamicProperties><dynamicProperty><name>The name to register DBCPService</name><value>The DBCPService</value><description>If 'database.name' attribute contains the name of the dynamic property, then the DBCPService (registered in the value) will be selected.</description><expressionLanguageScope>NONE</expressionLanguageScope></dynamicProperty></dynamicProperties><providedServiceAPIs><providedServiceAPI><className>org.apache.nifi.dbcp.DBCPService</className><groupId>org.apache.nifi</groupId><artifactId>nifi-standard-services-api-nar</artifactId><version>2.4.0</version></providedServiceAPI></providedServiceAPIs></extension><extension><name>org.apache.nifi.dbcp.HikariCPConnectionPool</name><type>CONTROLLER_SERVICE</type><description>Provides Database Connection Pooling Service based on HikariCP. Connections can be asked from pool and returned after usage.</description><tags><tag>dbcp</tag><tag>hikari</tag><tag>jdbc</tag><tag>database</tag><tag>connection</tag><tag>pooling</tag><tag>store</tag></tags><properties><property><name>hikaricp-connection-url</name><displayName>Database Connection URL</displayName><description>A database connection URL used to connect to a database. May contain database system name, host, port, database name and some parameters. The exact syntax of a database connection URL is specified by your DBMS.</description><required>true</required><sensitive>false</sensitive><expressionLanguageSupported>true</expressionLanguageSupported><expressionLanguageScope>ENVIRONMENT</expressionLanguageScope><dynamicallyModifiesClasspath>false</dynamicallyModifiesClasspath><dynamic>false</dynamic></property><property><name>hikaricp-driver-classname</name><displayName>Database Driver Class Name</displayName><description>The fully-qualified class name of the JDBC driver. Example: com.mysql.jdbc.Driver</description><required>true</required><sensitive>false</sensitive><expressionLanguageSupported>true</expressionLanguageSupported><expressionLanguageScope>ENVIRONMENT</expressionLanguageScope><dynamicallyModifiesClasspath>false</dynamicallyModifiesClasspath><dynamic>false</dynamic></property><property><name>hikaricp-driver-locations</name><displayName>Database Driver Location(s)</displayName><description>Comma-separated list of files/folders and/or URLs containing the driver JAR and its dependencies (if any). For example '/var/tmp/mariadb-java-client-1.1.7.jar'</description><required>false</required><sensitive>false</sensitive><expressionLanguageSupported>true</expressionLanguageSupported><expressionLanguageScope>ENVIRONMENT</expressionLanguageScope><dynamicallyModifiesClasspath>true</dynamicallyModifiesClasspath><dynamic>false</dynamic><resourceDefinition><cardinality>MULTIPLE</cardinality><resourceTypes><resourceType>DIRECTORY</resourceType><resourceType>FILE</resourceType><resourceType>URL</resourceType></resourceTypes></resourceDefinition></property><property><name>hikaricp-kerberos-user-service</name><displayName>Kerberos User Service</displayName><description>Specifies the Kerberos User Controller Service that should be used for authenticating with Kerberos</description><controllerServiceDefinition><className>org.apache.nifi.kerberos.KerberosUserService</className><groupId>org.apache.nifi</groupId><artifactId>nifi-standard-services-api-nar</artifactId><version>2.4.0</version></controllerServiceDefinition><required>false</required><sensitive>false</sensitive><expressionLanguageSupported>false</expressionLanguageSupported><expressionLanguageScope>NONE</expressionLanguageScope><dynamicallyModifiesClasspath>false</dynamicallyModifiesClasspath><dynamic>false</dynamic></property><property><name>hikaricp-username</name><displayName>Database User</displayName><description>Database user name</description><required>false</required><sensitive>false</sensitive><expressionLanguageSupported>true</expressionLanguageSupported><expressionLanguageScope>ENVIRONMENT</expressionLanguageScope><dynamicallyModifiesClasspath>false</dynamicallyModifiesClasspath><dynamic>false</dynamic></property><property><name>hikaricp-password</name><displayName>Password</displayName><description>The password for the database user</description><required>false</required><sensitive>true</sensitive><expressionLanguageSupported>true</expressionLanguageSupported><expressionLanguageScope>ENVIRONMENT</expressionLanguageScope><dynamicallyModifiesClasspath>false</dynamicallyModifiesClasspath><dynamic>false</dynamic></property><property><name>hikaricp-max-wait-time</name><displayName>Max Wait Time</displayName><description>The maximum amount of time that the pool will wait (when there are no available connections)  for a connection to be returned before failing, or 0 &lt;time units&gt; to wait indefinitely. </description><defaultValue>500 millis</defaultValue><required>true</required><sensitive>false</sensitive><expressionLanguageSupported>true</expressionLanguageSupported><expressionLanguageScope>ENVIRONMENT</expressionLanguageScope><dynamicallyModifiesClasspath>false</dynamicallyModifiesClasspath><dynamic>false</dynamic></property><property><name>hikaricp-max-total-conns</name><displayName>Max Total Connections</displayName><description>This property controls the maximum size that the pool is allowed to reach, including both idle and in-use connections. Basically this value will determine the maximum number of actual connections to the database backend. A reasonable value for this is best determined by your execution environment. When the pool reaches this size, and no idle connections are available, the service will block for up to connectionTimeout milliseconds before timing out.</description><defaultValue>10</defaultValue><required>true</required><sensitive>false</sensitive><expressionLanguageSupported>true</expressionLanguageSupported><expressionLanguageScope>ENVIRONMENT</expressionLanguageScope><dynamicallyModifiesClasspath>false</dynamicallyModifiesClasspath><dynamic>false</dynamic></property><property><name>hikaricp-validation-query</name><displayName>Validation Query</displayName><description>Validation Query used to validate connections before returning them. When connection is invalid, it gets dropped and new valid connection will be returned. NOTE: Using validation might have some performance penalty.</description><required>false</required><sensitive>false</sensitive><expressionLanguageSupported>true</expressionLanguageSupported><expressionLanguageScope>ENVIRONMENT</expressionLanguageScope><dynamicallyModifiesClasspath>false</dynamicallyModifiesClasspath><dynamic>false</dynamic></property><property><name>hikaricp-min-idle-conns</name><displayName>Minimum Idle Connections</displayName><description>This property controls the minimum number of idle connections that HikariCP tries to maintain in the pool. If the idle connections dip below this value and total connections in the pool are less than 'Max Total Connections', HikariCP will make a best effort to add additional connections quickly and efficiently. It is recommended that this property to be set equal to 'Max Total Connections'.</description><defaultValue>10</defaultValue><required>true</required><sensitive>false</sensitive><expressionLanguageSupported>true</expressionLanguageSupported><expressionLanguageScope>ENVIRONMENT</expressionLanguageScope><dynamicallyModifiesClasspath>false</dynamicallyModifiesClasspath><dynamic>false</dynamic></property><property><name>hikaricp-max-conn-lifetime</name><displayName>Max Connection Lifetime</displayName><description>The maximum lifetime of a connection. After this time is exceeded the connection will fail the next activation, passivation or validation test. A value of zero or less means the connection has an infinite lifetime.</description><defaultValue>-1</defaultValue><required>false</required><sensitive>false</sensitive><expressionLanguageSupported>true</expressionLanguageSupported><expressionLanguageScope>ENVIRONMENT</expressionLanguageScope><dynamicallyModifiesClasspath>false</dynamicallyModifiesClasspath><dynamic>false</dynamic></property></properties><dynamicProperties><dynamicProperty><name>JDBC property name</name><value>JDBC property value</value><description>Specifies a property name and value to be set on the JDBC connection(s). If Expression Language is used, evaluation will be performed upon the controller service being enabled. Note that no flow file input (attributes, e.g.) is available for use in Expression Language constructs for these properties.</description><expressionLanguageScope>ENVIRONMENT</expressionLanguageScope></dynamicProperty></dynamicProperties><supportsSensitiveDynamicProperties>true</supportsSensitiveDynamicProperties><restricted><restrictions><restriction><requiredPermission>reference remote resources</requiredPermission><explanation>Database Driver Location can reference resources over HTTP</explanation></restriction></restrictions></restricted><providedServiceAPIs><providedServiceAPI><className>org.apache.nifi.dbcp.DBCPService</className><groupId>org.apache.nifi</groupId><artifactId>nifi-standard-services-api-nar</artifactId><version>2.4.0</version></providedServiceAPI></providedServiceAPIs></extension><extension><name>org.apache.nifi.record.sink.db.DatabaseRecordSink</name><type>CONTROLLER_SERVICE</type><description>Provides a service to write records using a configured database connection.</description><tags><tag>db</tag><tag>jdbc</tag><tag>database</tag><tag>connection</tag><tag>record</tag></tags><properties><property><name>db-record-sink-dcbp-service</name><displayName>Database Connection Pooling Service</displayName><description>The Controller Service that is used to obtain a connection to the database for sending records.</description><controllerServiceDefinition><className>org.apache.nifi.dbcp.DBCPService</className><groupId>org.apache.nifi</groupId><artifactId>nifi-standard-services-api-nar</artifactId><version>2.4.0</version></controllerServiceDefinition><required>true</required><sensitive>false</sensitive><expressionLanguageSupported>false</expressionLanguageSupported><expressionLanguageScope>NONE</expressionLanguageScope><dynamicallyModifiesClasspath>false</dynamicallyModifiesClasspath><dynamic>false</dynamic></property><property><name>db-record-sink-catalog-name</name><displayName>Catalog Name</displayName><description>The name of the catalog that the statement should update. This may not apply for the database that you are updating. In this case, leave the field empty</description><required>false</required><sensitive>false</sensitive><expressionLanguageSupported>true</expressionLanguageSupported><expressionLanguageScope>FLOWFILE_ATTRIBUTES</expressionLanguageScope><dynamicallyModifiesClasspath>false</dynamicallyModifiesClasspath><dynamic>false</dynamic></property><property><name>db-record-sink-schema-name</name><displayName>Schema Name</displayName><description>The name of the schema that the table belongs to. This may not apply for the database that you are updating. In this case, leave the field empty</description><required>false</required><sensitive>false</sensitive><expressionLanguageSupported>true</expressionLanguageSupported><expressionLanguageScope>FLOWFILE_ATTRIBUTES</expressionLanguageScope><dynamicallyModifiesClasspath>false</dynamicallyModifiesClasspath><dynamic>false</dynamic></property><property><name>db-record-sink-table-name</name><displayName>Table Name</displayName><description>The name of the table that the statement should affect.</description><required>true</required><sensitive>false</sensitive><expressionLanguageSupported>true</expressionLanguageSupported><expressionLanguageScope>FLOWFILE_ATTRIBUTES</expressionLanguageScope><dynamicallyModifiesClasspath>false</dynamicallyModifiesClasspath><dynamic>false</dynamic></property><property><name>db-record-sink-translate-field-names</name><displayName>Translate Field Names</displayName><description>If true, the Processor will attempt to translate field names into the appropriate column names for the table specified. If false, the field names must match the column names exactly, or the column will not be updated</description><defaultValue>true</defaultValue><allowableValues><allowableValue><displayName>true</displayName><value>true</value><description></description></allowableValue><allowableValue><displayName>false</displayName><value>false</value><description></description></allowableValue></allowableValues><required>false</required><sensitive>false</sensitive><expressionLanguageSupported>false</expressionLanguageSupported><expressionLanguageScope>NONE</expressionLanguageScope><dynamicallyModifiesClasspath>false</dynamicallyModifiesClasspath><dynamic>false</dynamic></property><property><name>db-record-sink-unmatched-field-behavior</name><displayName>Unmatched Field Behavior</displayName><description>If an incoming record has a field that does not map to any of the database table's columns, this property specifies how to handle the situation</description><defaultValue>Ignore Unmatched Fields</defaultValue><allowableValues><allowableValue><displayName>Ignore Unmatched Fields</displayName><value>Ignore Unmatched Fields</value><description>Any field in the document that cannot be mapped to a column in the database is ignored</description></allowableValue><allowableValue><displayName>Fail on Unmatched Fields</displayName><value>Fail on Unmatched Fields</value><description>If the document has any field that cannot be mapped to a column in the database, the FlowFile will be routed to the failure relationship</description></allowableValue></allowableValues><required>false</required><sensitive>false</sensitive><expressionLanguageSupported>false</expressionLanguageSupported><expressionLanguageScope>NONE</expressionLanguageScope><dynamicallyModifiesClasspath>false</dynamicallyModifiesClasspath><dynamic>false</dynamic></property><property><name>db-record-sink-unmatched-column-behavior</name><displayName>Unmatched Column Behavior</displayName><description>If an incoming record does not have a field mapping for all of the database table's columns, this property specifies how to handle the situation</description><defaultValue>Fail on Unmatched Columns</defaultValue><allowableValues><allowableValue><displayName>Ignore Unmatched Columns</displayName><value>Ignore Unmatched Columns</value><description>Any column in the database that does not have a field in the document will be assumed to not be required.  No notification will be logged</description></allowableValue><allowableValue><displayName>Warn on Unmatched Columns</displayName><value>Warn on Unmatched Columns</value><description>Any column in the database that does not have a field in the document will be assumed to not be required.  A warning will be logged</description></allowableValue><allowableValue><displayName>Fail on Unmatched Columns</displayName><value>Fail on Unmatched Columns</value><description>A flow will fail if any column in the database that does not have a field in the document.  An error will be logged</description></allowableValue></allowableValues><required>false</required><sensitive>false</sensitive><expressionLanguageSupported>false</expressionLanguageSupported><expressionLanguageScope>NONE</expressionLanguageScope><dynamicallyModifiesClasspath>false</dynamicallyModifiesClasspath><dynamic>false</dynamic></property><property><name>db-record-sink-quoted-identifiers</name><displayName>Quote Column Identifiers</displayName><description>Enabling this option will cause all column names to be quoted, allowing you to use reserved words as column names in your tables.</description><defaultValue>false</defaultValue><allowableValues><allowableValue><displayName>true</displayName><value>true</value><description></description></allowableValue><allowableValue><displayName>false</displayName><value>false</value><description></description></allowableValue></allowableValues><required>false</required><sensitive>false</sensitive><expressionLanguageSupported>false</expressionLanguageSupported><expressionLanguageScope>NONE</expressionLanguageScope><dynamicallyModifiesClasspath>false</dynamicallyModifiesClasspath><dynamic>false</dynamic></property><property><name>db-record-sink-quoted-table-identifiers</name><displayName>Quote Table Identifiers</displayName><description>Enabling this option will cause the table name to be quoted to support the use of special characters in the table name.</description><defaultValue>false</defaultValue><allowableValues><allowableValue><displayName>true</displayName><value>true</value><description></description></allowableValue><allowableValue><displayName>false</displayName><value>false</value><description></description></allowableValue></allowableValues><required>false</required><sensitive>false</sensitive><expressionLanguageSupported>false</expressionLanguageSupported><expressionLanguageScope>NONE</expressionLanguageScope><dynamicallyModifiesClasspath>false</dynamicallyModifiesClasspath><dynamic>false</dynamic></property><property><name>db-record-sink-query-timeout</name><displayName>Max Wait Time</displayName><description>The maximum amount of time allowed for a running SQL statement , zero means there is no limit. Max time less than 1 second will be equal to zero.</description><defaultValue>0 seconds</defaultValue><required>true</required><sensitive>false</sensitive><expressionLanguageSupported>true</expressionLanguageSupported><expressionLanguageScope>ENVIRONMENT</expressionLanguageScope><dynamicallyModifiesClasspath>false</dynamicallyModifiesClasspath><dynamic>false</dynamic></property></properties><providedServiceAPIs><providedServiceAPI><className>org.apache.nifi.record.sink.RecordSinkService</className><groupId>org.apache.nifi</groupId><artifactId>nifi-standard-services-api-nar</artifactId><version>2.4.0</version></providedServiceAPI></providedServiceAPIs></extension></extensions></extensionManifest>