<extensionManifest><groupId>org.apache.nifi</groupId><artifactId>nifi-pgp-service-nar</artifactId><version>2.4.0</version><parentNar><groupId>org.apache.nifi</groupId><artifactId>nifi-pgp-service-api-nar</artifactId><version>2.4.0</version></parentNar><systemApiVersion>2.1.0</systemApiVersion><buildInfo><tag>HEAD</tag><branch>UNKNOWN</branch><revision>65c7732</revision></buildInfo><extensions><extension><name>org.apache.nifi.pgp.service.standard.StandardPGPPrivateKeyService</name><type>CONTROLLER_SERVICE</type><description>PGP Private Key Service provides Private Keys loaded from files or properties</description><tags><tag>PGP</tag><tag>GPG</tag><tag>OpenPGP</tag><tag>Encryption</tag><tag>Private</tag><tag>Key</tag><tag>RFC 4880</tag></tags><properties><property><name>keyring-file</name><displayName>Keyring File</displayName><description>File path to PGP Keyring or Secret Key encoded in binary or ASCII Armor</description><required>false</required><sensitive>false</sensitive><expressionLanguageSupported>true</expressionLanguageSupported><expressionLanguageScope>ENVIRONMENT</expressionLanguageScope><dynamicallyModifiesClasspath>false</dynamicallyModifiesClasspath><dynamic>false</dynamic></property><property><name>keyring</name><displayName>Keyring</displayName><description>PGP Keyring or Secret Key encoded in ASCII Armor</description><required>false</required><sensitive>true</sensitive><expressionLanguageSupported>false</expressionLanguageSupported><expressionLanguageScope>NONE</expressionLanguageScope><dynamicallyModifiesClasspath>false</dynamicallyModifiesClasspath><dynamic>false</dynamic></property><property><name>key-password</name><displayName>Key Password</displayName><description>Password used for decrypting Private Keys</description><required>true</required><sensitive>true</sensitive><expressionLanguageSupported>false</expressionLanguageSupported><expressionLanguageScope>NONE</expressionLanguageScope><dynamicallyModifiesClasspath>false</dynamicallyModifiesClasspath><dynamic>false</dynamic></property></properties><providedServiceAPIs><providedServiceAPI><className>org.apache.nifi.pgp.service.api.PGPPrivateKeyService</className><groupId>org.apache.nifi</groupId><artifactId>nifi-pgp-service-api-nar</artifactId><version>2.4.0</version></providedServiceAPI></providedServiceAPIs></extension><extension><name>org.apache.nifi.pgp.service.standard.StandardPGPPublicKeyService</name><type>CONTROLLER_SERVICE</type><description>PGP Public Key Service providing Public Keys loaded from files</description><tags><tag>PGP</tag><tag>GPG</tag><tag>OpenPGP</tag><tag>Encryption</tag><tag>Private</tag><tag>Key</tag><tag>RFC 4880</tag></tags><properties><property><name>keyring-file</name><displayName>Keyring File</displayName><description>File path to PGP Keyring or Public Key encoded in binary or ASCII Armor</description><required>false</required><sensitive>false</sensitive><expressionLanguageSupported>true</expressionLanguageSupported><expressionLanguageScope>ENVIRONMENT</expressionLanguageScope><dynamicallyModifiesClasspath>false</dynamicallyModifiesClasspath><dynamic>false</dynamic></property><property><name>keyring</name><displayName>Keyring</displayName><description>PGP Keyring or Public Key encoded in ASCII Armor</description><required>false</required><sensitive>false</sensitive><expressionLanguageSupported>false</expressionLanguageSupported><expressionLanguageScope>NONE</expressionLanguageScope><dynamicallyModifiesClasspath>false</dynamicallyModifiesClasspath><dynamic>false</dynamic></property></properties><providedServiceAPIs><providedServiceAPI><className>org.apache.nifi.pgp.service.api.PGPPublicKeyService</className><groupId>org.apache.nifi</groupId><artifactId>nifi-pgp-service-api-nar</artifactId><version>2.4.0</version></providedServiceAPI></providedServiceAPIs></extension></extensions></extensionManifest>