<extensionManifest><groupId>org.apache.nifi</groupId><artifactId>nifi-mongodb-services-nar</artifactId><version>2.4.0</version><parentNar><groupId>org.apache.nifi</groupId><artifactId>nifi-mongodb-client-service-api-nar</artifactId><version>2.4.0</version></parentNar><systemApiVersion>2.1.0</systemApiVersion><buildInfo><tag>HEAD</tag><branch>UNKNOWN</branch><revision>65c7732</revision></buildInfo><extensions><extension><name>org.apache.nifi.mongodb.MongoDBControllerService</name><type>CONTROLLER_SERVICE</type><description>Provides a controller service that configures a connection to MongoDB and provides access to that connection to other Mongo-related components.</description><tags><tag>mongo</tag><tag>mongodb</tag><tag>service</tag></tags><properties><property><name>Mongo URI</name><displayName>Mongo URI</displayName><description>MongoURI, typically of the form: mongodb://host1[:port1][,host2[:port2],...]</description><required>true</required><sensitive>false</sensitive><expressionLanguageSupported>true</expressionLanguageSupported><expressionLanguageScope>ENVIRONMENT</expressionLanguageScope><dynamicallyModifiesClasspath>false</dynamicallyModifiesClasspath><dynamic>false</dynamic></property><property><name>Database User</name><displayName>Database User</displayName><description>Database user name</description><required>false</required><sensitive>false</sensitive><expressionLanguageSupported>true</expressionLanguageSupported><expressionLanguageScope>ENVIRONMENT</expressionLanguageScope><dynamicallyModifiesClasspath>false</dynamicallyModifiesClasspath><dynamic>false</dynamic></property><property><name>Password</name><displayName>Password</displayName><description>The password for the database user</description><required>false</required><sensitive>true</sensitive><expressionLanguageSupported>true</expressionLanguageSupported><expressionLanguageScope>ENVIRONMENT</expressionLanguageScope><dynamicallyModifiesClasspath>false</dynamicallyModifiesClasspath><dynamic>false</dynamic></property><property><name>SSL Context Service</name><displayName>SSL Context Service</displayName><description>The SSL Context Service used to provide client certificate information for TLS/SSL connections.</description><controllerServiceDefinition><className>org.apache.nifi.ssl.SSLContextProvider</className><groupId>org.apache.nifi</groupId><artifactId>nifi-standard-services-api-nar</artifactId><version>2.4.0</version></controllerServiceDefinition><required>false</required><sensitive>false</sensitive><expressionLanguageSupported>false</expressionLanguageSupported><expressionLanguageScope>NONE</expressionLanguageScope><dynamicallyModifiesClasspath>false</dynamicallyModifiesClasspath><dynamic>false</dynamic></property><property><name>Write Concern</name><displayName>Write Concern</displayName><description>The write concern to use</description><defaultValue>ACKNOWLEDGED</defaultValue><allowableValues><allowableValue><displayName>ACKNOWLEDGED</displayName><value>ACKNOWLEDGED</value><description>Write operations that use this write concern will wait for acknowledgement, using the default write concern configured on the server</description></allowableValue><allowableValue><displayName>UNACKNOWLEDGED</displayName><value>UNACKNOWLEDGED</value><description>Write operations that use this write concern will return as soon as the message is written to the socket. Exceptions are raised for network issues, but not server errors</description></allowableValue><allowableValue><displayName>FSYNCED</displayName><value>FSYNCED</value><description>Deprecated.  Use of "JOURNALED" is preferred</description></allowableValue><allowableValue><displayName>JOURNALED</displayName><value>JOURNALED</value><description>Write operations wait for the server to group commit to the journal file on disk</description></allowableValue><allowableValue><displayName>REPLICA_ACKNOWLEDGED</displayName><value>REPLICA_ACKNOWLEDGED</value><description>Deprecated.  Use of "W2" is preferred</description></allowableValue><allowableValue><displayName>MAJORITY</displayName><value>MAJORITY</value><description>Exceptions are raised for network issues, and server errors; waits on a majority of servers for the write operation</description></allowableValue><allowableValue><displayName>W1</displayName><value>W1</value><description>Write operations that use this write concern will wait for acknowledgement from a single member</description></allowableValue><allowableValue><displayName>W2</displayName><value>W2</value><description>Write operations that use this write concern will wait for acknowledgement from two members</description></allowableValue><allowableValue><displayName>W3</displayName><value>W3</value><description>Write operations that use this write concern will wait for acknowledgement from three members</description></allowableValue></allowableValues><required>true</required><sensitive>false</sensitive><expressionLanguageSupported>false</expressionLanguageSupported><expressionLanguageScope>NONE</expressionLanguageScope><dynamicallyModifiesClasspath>false</dynamicallyModifiesClasspath><dynamic>false</dynamic></property></properties><providedServiceAPIs><providedServiceAPI><className>org.apache.nifi.mongodb.MongoDBClientService</className><groupId>org.apache.nifi</groupId><artifactId>nifi-mongodb-client-service-api-nar</artifactId><version>2.4.0</version></providedServiceAPI></providedServiceAPIs></extension><extension><name>org.apache.nifi.mongodb.MongoDBLookupService</name><type>CONTROLLER_SERVICE</type><description>Provides a lookup service based around MongoDB. Each key that is specified 
will be added to a query as-is. For example, if you specify the two keys, 
user and email, the resulting query will be { "user": "tester", "email": "tester@test.com" }.
The query is limited to the first result (findOne in the Mongo documentation). If no "Lookup Value Field" is specified then the entire MongoDB result document minus the _id field will be returned as a record.</description><tags><tag>mongo</tag><tag>mongodb</tag><tag>lookup</tag><tag>record</tag></tags><properties><property><name>schema-access-strategy</name><displayName>Schema Access Strategy</displayName><description>Specifies how to obtain the schema that is to be used for interpreting the data.</description><defaultValue>infer</defaultValue><allowableValues><allowableValue><displayName>Use 'Schema Name' Property</displayName><value>schema-name</value><description>The name of the Schema to use is specified by the 'Schema Name' Property. The value of this property is used to lookup the Schema in the configured Schema Registry service.</description></allowableValue><allowableValue><displayName>Use 'Schema Text' Property</displayName><value>schema-text-property</value><description>The text of the Schema itself is specified by the 'Schema Text' Property. The value of this property must be a valid Avro Schema. If Expression Language is used, the value of the 'Schema Text' property must be valid after substituting the expressions.</description></allowableValue><allowableValue><displayName>Infer from Result</displayName><value>infer</value><description></description></allowableValue></allowableValues><required>true</required><sensitive>false</sensitive><expressionLanguageSupported>false</expressionLanguageSupported><expressionLanguageScope>NONE</expressionLanguageScope><dynamicallyModifiesClasspath>false</dynamicallyModifiesClasspath><dynamic>false</dynamic></property><property><name>schema-registry</name><displayName>Schema Registry</displayName><description>Specifies the Controller Service to use for the Schema Registry</description><controllerServiceDefinition><className>org.apache.nifi.schemaregistry.services.SchemaRegistry</className><groupId>org.apache.nifi</groupId><artifactId>nifi-standard-services-api-nar</artifactId><version>2.4.0</version></controllerServiceDefinition><required>false</required><sensitive>false</sensitive><expressionLanguageSupported>false</expressionLanguageSupported><expressionLanguageScope>NONE</expressionLanguageScope><dynamicallyModifiesClasspath>false</dynamicallyModifiesClasspath><dynamic>false</dynamic><dependencies><dependency><propertyName>schema-access-strategy</propertyName><propertyDisplayName>Schema Access Strategy</propertyDisplayName><dependentValues><dependentValue>schema-name</dependentValue><dependentValue>schema-reference-reader</dependentValue></dependentValues></dependency></dependencies></property><property><name>schema-name</name><displayName>Schema Name</displayName><description>Specifies the name of the schema to lookup in the Schema Registry property</description><defaultValue>${schema.name}</defaultValue><required>false</required><sensitive>false</sensitive><expressionLanguageSupported>true</expressionLanguageSupported><expressionLanguageScope>ENVIRONMENT</expressionLanguageScope><dynamicallyModifiesClasspath>false</dynamicallyModifiesClasspath><dynamic>false</dynamic><dependencies><dependency><propertyName>schema-access-strategy</propertyName><propertyDisplayName>Schema Access Strategy</propertyDisplayName><dependentValues><dependentValue>schema-name</dependentValue></dependentValues></dependency></dependencies></property><property><name>schema-version</name><displayName>Schema Version</displayName><description>Specifies the version of the schema to lookup in the Schema Registry. If not specified then the latest version of the schema will be retrieved.</description><required>false</required><sensitive>false</sensitive><expressionLanguageSupported>true</expressionLanguageSupported><expressionLanguageScope>FLOWFILE_ATTRIBUTES</expressionLanguageScope><dynamicallyModifiesClasspath>false</dynamicallyModifiesClasspath><dynamic>false</dynamic><dependencies><dependency><propertyName>schema-access-strategy</propertyName><propertyDisplayName>Schema Access Strategy</propertyDisplayName><dependentValues><dependentValue>schema-name</dependentValue></dependentValues></dependency></dependencies></property><property><name>schema-branch</name><displayName>Schema Branch</displayName><description>Specifies the name of the branch to use when looking up the schema in the Schema Registry property. If the chosen Schema Registry does not support branching, this value will be ignored.</description><required>false</required><sensitive>false</sensitive><expressionLanguageSupported>true</expressionLanguageSupported><expressionLanguageScope>FLOWFILE_ATTRIBUTES</expressionLanguageScope><dynamicallyModifiesClasspath>false</dynamicallyModifiesClasspath><dynamic>false</dynamic><dependencies><dependency><propertyName>schema-access-strategy</propertyName><propertyDisplayName>Schema Access Strategy</propertyDisplayName><dependentValues><dependentValue>schema-name</dependentValue></dependentValues></dependency></dependencies></property><property><name>schema-text</name><displayName>Schema Text</displayName><description>The text of an Avro-formatted Schema</description><defaultValue>${avro.schema}</defaultValue><required>false</required><sensitive>false</sensitive><expressionLanguageSupported>true</expressionLanguageSupported><expressionLanguageScope>FLOWFILE_ATTRIBUTES</expressionLanguageScope><dynamicallyModifiesClasspath>false</dynamicallyModifiesClasspath><dynamic>false</dynamic><dependencies><dependency><propertyName>schema-access-strategy</propertyName><propertyDisplayName>Schema Access Strategy</propertyDisplayName><dependentValues><dependentValue>schema-text-property</dependentValue></dependentValues></dependency></dependencies></property><property><name>mongo-lookup-client-service</name><displayName>Client Service</displayName><description>A MongoDB controller service to use with this lookup service.</description><controllerServiceDefinition><className>org.apache.nifi.mongodb.MongoDBClientService</className><groupId>org.apache.nifi</groupId><artifactId>nifi-mongodb-client-service-api-nar</artifactId><version>2.4.0</version></controllerServiceDefinition><required>true</required><sensitive>false</sensitive><expressionLanguageSupported>false</expressionLanguageSupported><expressionLanguageScope>NONE</expressionLanguageScope><dynamicallyModifiesClasspath>false</dynamicallyModifiesClasspath><dynamic>false</dynamic></property><property><name>mongo-db-name</name><displayName>Mongo Database Name</displayName><description>The name of the database to use</description><required>true</required><sensitive>false</sensitive><expressionLanguageSupported>true</expressionLanguageSupported><expressionLanguageScope>FLOWFILE_ATTRIBUTES</expressionLanguageScope><dynamicallyModifiesClasspath>false</dynamicallyModifiesClasspath><dynamic>false</dynamic></property><property><name>mongo-collection-name</name><displayName>Mongo Collection Name</displayName><description>The name of the collection to use</description><required>true</required><sensitive>false</sensitive><expressionLanguageSupported>true</expressionLanguageSupported><expressionLanguageScope>FLOWFILE_ATTRIBUTES</expressionLanguageScope><dynamicallyModifiesClasspath>false</dynamicallyModifiesClasspath><dynamic>false</dynamic></property><property><name>mongo-lookup-value-field</name><displayName>Lookup Value Field</displayName><description>The field whose value will be returned when the lookup key(s) match a record. If not specified then the entire MongoDB result document minus the _id field will be returned as a record.</description><required>false</required><sensitive>false</sensitive><expressionLanguageSupported>false</expressionLanguageSupported><expressionLanguageScope>NONE</expressionLanguageScope><dynamicallyModifiesClasspath>false</dynamicallyModifiesClasspath><dynamic>false</dynamic></property><property><name>mongo-lookup-projection</name><displayName>Projection</displayName><description>Specifies a projection for limiting which fields will be returned.</description><required>false</required><sensitive>false</sensitive><expressionLanguageSupported>false</expressionLanguageSupported><expressionLanguageScope>NONE</expressionLanguageScope><dynamicallyModifiesClasspath>false</dynamicallyModifiesClasspath><dynamic>false</dynamic></property></properties><providedServiceAPIs><providedServiceAPI><className>org.apache.nifi.lookup.LookupService</className><groupId>org.apache.nifi</groupId><artifactId>nifi-standard-services-api-nar</artifactId><version>2.4.0</version></providedServiceAPI></providedServiceAPIs></extension></extensions></extensionManifest>