<extensionManifest><groupId>org.apache.nifi</groupId><artifactId>nifi-airtable-nar</artifactId><version>2.4.0</version><parentNar><groupId>org.apache.nifi</groupId><artifactId>nifi-standard-shared-nar</artifactId><version>2.4.0</version></parentNar><systemApiVersion>2.1.0</systemApiVersion><buildInfo><tag>HEAD</tag><branch>UNKNOWN</branch><revision>65c7732</revision></buildInfo><extensions><extension><name>org.apache.nifi.processors.airtable.QueryAirtableTable</name><type>PROCESSOR</type><description>Query records from an Airtable table. Records are incrementally retrieved based on the last modified time of the records. Records can also be further filtered by setting the 'Custom Filter' property which supports the formulas provided by the Airtable API. This processor is intended to be run on the Primary Node only.</description><tags><tag>airtable</tag><tag>query</tag><tag>database</tag></tags><properties><property><name>api-url</name><displayName>API URL</displayName><description>The URL for the Airtable REST API including the domain and the path to the API (e.g. https://api.airtable.com/v0).</description><defaultValue>https://api.airtable.com/v0</defaultValue><required>true</required><sensitive>false</sensitive><expressionLanguageSupported>true</expressionLanguageSupported><expressionLanguageScope>ENVIRONMENT</expressionLanguageScope><dynamicallyModifiesClasspath>false</dynamicallyModifiesClasspath><dynamic>false</dynamic></property><property><name>pat</name><displayName>Personal Access Token</displayName><description>The Personal Access Token (PAT) to use in queries. Should be generated on Airtable's account page.</description><required>true</required><sensitive>true</sensitive><expressionLanguageSupported>false</expressionLanguageSupported><expressionLanguageScope>NONE</expressionLanguageScope><dynamicallyModifiesClasspath>false</dynamicallyModifiesClasspath><dynamic>false</dynamic></property><property><name>base-id</name><displayName>Base ID</displayName><description>The ID of the Airtable base to be queried.</description><required>true</required><sensitive>false</sensitive><expressionLanguageSupported>true</expressionLanguageSupported><expressionLanguageScope>ENVIRONMENT</expressionLanguageScope><dynamicallyModifiesClasspath>false</dynamicallyModifiesClasspath><dynamic>false</dynamic></property><property><name>table-id</name><displayName>Table ID</displayName><description>The name or the ID of the Airtable table to be queried.</description><required>true</required><sensitive>false</sensitive><expressionLanguageSupported>true</expressionLanguageSupported><expressionLanguageScope>ENVIRONMENT</expressionLanguageScope><dynamicallyModifiesClasspath>false</dynamicallyModifiesClasspath><dynamic>false</dynamic></property><property><name>fields</name><displayName>Fields</displayName><description>Comma-separated list of fields to query from the table. Both the field's name and ID can be used.</description><required>false</required><sensitive>false</sensitive><expressionLanguageSupported>true</expressionLanguageSupported><expressionLanguageScope>ENVIRONMENT</expressionLanguageScope><dynamicallyModifiesClasspath>false</dynamicallyModifiesClasspath><dynamic>false</dynamic></property><property><name>custom-filter</name><displayName>Custom Filter</displayName><description>Filter records by Airtable's formulas.</description><required>false</required><sensitive>false</sensitive><expressionLanguageSupported>true</expressionLanguageSupported><expressionLanguageScope>ENVIRONMENT</expressionLanguageScope><dynamicallyModifiesClasspath>false</dynamicallyModifiesClasspath><dynamic>false</dynamic></property><property><name>query-time-window-lag</name><displayName>Query Time Window Lag</displayName><description>The amount of lag to be applied to the query time window's end point. Set this property to avoid missing records when the clock of your local machines and Airtable servers' clock are not in sync. Must be greater than or equal to 1 second.</description><defaultValue>3 s</defaultValue><required>true</required><sensitive>false</sensitive><expressionLanguageSupported>true</expressionLanguageSupported><expressionLanguageScope>ENVIRONMENT</expressionLanguageScope><dynamicallyModifiesClasspath>false</dynamicallyModifiesClasspath><dynamic>false</dynamic></property><property><name>web-client-service-provider</name><displayName>Web Client Service Provider</displayName><description>Web Client Service Provider to use for Airtable REST API requests</description><controllerServiceDefinition><className>org.apache.nifi.web.client.provider.api.WebClientServiceProvider</className><groupId>org.apache.nifi</groupId><artifactId>nifi-standard-services-api-nar</artifactId><version>2.4.0</version></controllerServiceDefinition><required>true</required><sensitive>false</sensitive><expressionLanguageSupported>false</expressionLanguageSupported><expressionLanguageScope>NONE</expressionLanguageScope><dynamicallyModifiesClasspath>false</dynamicallyModifiesClasspath><dynamic>false</dynamic></property><property><name>query-page-size</name><displayName>Query Page Size</displayName><description>Number of records to be fetched in a page. Should be between 1 and 100 inclusively.</description><required>false</required><sensitive>false</sensitive><expressionLanguageSupported>true</expressionLanguageSupported><expressionLanguageScope>ENVIRONMENT</expressionLanguageScope><dynamicallyModifiesClasspath>false</dynamicallyModifiesClasspath><dynamic>false</dynamic></property><property><name>max-records-per-flowfile</name><displayName>Max Records Per FlowFile</displayName><description>The maximum number of result records that will be included in a single FlowFile. This will allow you to break up very large result sets into multiple FlowFiles. If no value specified, then all records are returned in a single FlowFile.</description><required>false</required><sensitive>false</sensitive><expressionLanguageSupported>true</expressionLanguageSupported><expressionLanguageScope>ENVIRONMENT</expressionLanguageScope><dynamicallyModifiesClasspath>false</dynamicallyModifiesClasspath><dynamic>false</dynamic></property></properties><relationships><relationship><name>success</name><description>For FlowFiles created as a result of a successful query.</description><autoTerminated>false</autoTerminated></relationship></relationships><writesAttributes><writesAttribute><name>record.count</name><description>Sets the number of records in the FlowFile.</description></writesAttribute><writesAttribute><name>fragment.identifier</name><description>If 'Max Records Per FlowFile' is set then all FlowFiles from the same query result set will have the same value for the fragment.identifier attribute. This can then be used to correlate the results.</description></writesAttribute><writesAttribute><name>fragment.count</name><description>If 'Max Records Per FlowFile' is set then this is the total number of FlowFiles produced by a single ResultSet. This can be used in conjunction with the fragment.identifier attribute in order to know how many FlowFiles belonged to the same incoming ResultSet.</description></writesAttribute><writesAttribute><name>fragment.index</name><description>If 'Max Records Per FlowFile' is set then the position of this FlowFile in the list of outgoing FlowFiles that were all derived from the same result set FlowFile. This can be used in conjunction with the fragment.identifier attribute to know which FlowFiles originated from the same query result set and in what order FlowFiles were produced</description></writesAttribute></writesAttributes><triggerSerially>true</triggerSerially><triggerWhenEmpty>true</triggerWhenEmpty><primaryNodeOnly>true</primaryNodeOnly><defaultSettings><yieldDuration>15 sec</yieldDuration><penaltyDuration>30 sec</penaltyDuration><bulletinLevel>WARN</bulletinLevel></defaultSettings><stateful><description>The last successful query's time is stored in order to enable incremental loading. The initial query returns all the records in the table and each subsequent query filters the records by their last modified time. In other words, if a record is updated after the last successful query only the updated records will be returned in the next query. State is stored across the cluster, so this Processor can run only on the Primary Node and if a new Primary Node is selected, the new node can pick up where the previous one left off without duplicating the data.</description><scopes><scope>CLUSTER</scope></scopes></stateful><inputRequirement>INPUT_FORBIDDEN</inputRequirement><defaultSchedule><strategy>TIMER_DRIVEN</strategy><period>1 min</period><concurrentTasks>1</concurrentTasks></defaultSchedule></extension></extensions></extensionManifest>