<extensionManifest><groupId>org.apache.nifi</groupId><artifactId>nifi-smb-nar</artifactId><version>2.4.0</version><parentNar><groupId>org.apache.nifi</groupId><artifactId>nifi-smb-client-api-nar</artifactId><version>2.4.0</version></parentNar><systemApiVersion>2.1.0</systemApiVersion><buildInfo><tag>HEAD</tag><branch>UNKNOWN</branch><revision>65c7732</revision></buildInfo><extensions><extension><name>org.apache.nifi.processors.smb.FetchSmb</name><type>PROCESSOR</type><description>Fetches files from a SMB Share. Designed to be used in tandem with ListSmb.</description><tags><tag>samba</tag><tag>smb</tag><tag>cifs</tag><tag>files</tag><tag>fetch</tag></tags><properties><property><name>smb-client-provider-service</name><displayName>SMB Client Provider Service</displayName><description>Specifies the SMB client provider to use for creating SMB connections.</description><controllerServiceDefinition><className>org.apache.nifi.services.smb.SmbClientProviderService</className><groupId>org.apache.nifi</groupId><artifactId>nifi-smb-client-api-nar</artifactId><version>2.4.0</version></controllerServiceDefinition><required>true</required><sensitive>false</sensitive><expressionLanguageSupported>false</expressionLanguageSupported><expressionLanguageScope>NONE</expressionLanguageScope><dynamicallyModifiesClasspath>false</dynamicallyModifiesClasspath><dynamic>false</dynamic></property><property><name>remote-file</name><displayName>Remote File</displayName><description>The full path of the file to be retrieved from the remote server. Expression language is supported.</description><defaultValue>${path}/${filename}</defaultValue><required>true</required><sensitive>false</sensitive><expressionLanguageSupported>true</expressionLanguageSupported><expressionLanguageScope>FLOWFILE_ATTRIBUTES</expressionLanguageScope><dynamicallyModifiesClasspath>false</dynamicallyModifiesClasspath><dynamic>false</dynamic></property><property><name>Completion Strategy</name><displayName>Completion Strategy</displayName><description>Specifies what to do with the original file on the server once it has been processed. If the Completion Strategy fails, a warning will be logged but the data will still be transferred.</description><defaultValue>NONE</defaultValue><allowableValues><allowableValue><displayName>None</displayName><value>NONE</value><description>Leaves the file as-is.</description></allowableValue><allowableValue><displayName>Move File</displayName><value>MOVE</value><description>Moves the file to the specified directory on the remote system. This option cannot be used when DFS is enabled on 'SMB Client Provider Service'.</description></allowableValue><allowableValue><displayName>Delete File</displayName><value>DELETE</value><description>Deletes the file from the remote system.</description></allowableValue></allowableValues><required>true</required><sensitive>false</sensitive><expressionLanguageSupported>false</expressionLanguageSupported><expressionLanguageScope>NONE</expressionLanguageScope><dynamicallyModifiesClasspath>false</dynamicallyModifiesClasspath><dynamic>false</dynamic></property><property><name>Destination Directory</name><displayName>Destination Directory</displayName><description>The directory on the remote server to move the original file to once it has been processed.</description><required>true</required><sensitive>false</sensitive><expressionLanguageSupported>true</expressionLanguageSupported><expressionLanguageScope>FLOWFILE_ATTRIBUTES</expressionLanguageScope><dynamicallyModifiesClasspath>false</dynamicallyModifiesClasspath><dynamic>false</dynamic><dependencies><dependency><propertyName>Completion Strategy</propertyName><propertyDisplayName>Completion Strategy</propertyDisplayName><dependentValues><dependentValue>MOVE</dependentValue></dependentValues></dependency></dependencies></property><property><name>Create Destination Directory</name><displayName>Create Destination Directory</displayName><description>Specifies whether or not the remote directory should be created if it does not exist.</description><defaultValue>false</defaultValue><allowableValues><allowableValue><displayName>true</displayName><value>true</value><description></description></allowableValue><allowableValue><displayName>false</displayName><value>false</value><description></description></allowableValue></allowableValues><required>true</required><sensitive>false</sensitive><expressionLanguageSupported>false</expressionLanguageSupported><expressionLanguageScope>NONE</expressionLanguageScope><dynamicallyModifiesClasspath>false</dynamicallyModifiesClasspath><dynamic>false</dynamic><dependencies><dependency><propertyName>Completion Strategy</propertyName><propertyDisplayName>Completion Strategy</propertyDisplayName><dependentValues><dependentValue>MOVE</dependentValue></dependentValues></dependency></dependencies></property></properties><relationships><relationship><name>failure</name><description>A FlowFile will be routed here when failed to fetch its content.</description><autoTerminated>false</autoTerminated></relationship><relationship><name>success</name><description>A FlowFile will be routed here for each successfully fetched file.</description><autoTerminated>false</autoTerminated></relationship></relationships><writesAttributes><writesAttribute><name>error.code</name><description>The error code returned by SMB when the fetch of a file fails.</description></writesAttribute><writesAttribute><name>error.message</name><description>The error message returned by SMB when the fetch of a file fails.</description></writesAttribute></writesAttributes><inputRequirement>INPUT_REQUIRED</inputRequirement><seeAlso><see>org.apache.nifi.processors.smb.ListSmb</see><see>org.apache.nifi.processors.smb.PutSmbFile</see><see>org.apache.nifi.processors.smb.GetSmbFile</see></seeAlso></extension><extension><name>org.apache.nifi.processors.smb.GetSmbFile</name><type>PROCESSOR</type><description>Reads file from a samba network location to FlowFiles. Use this processor instead of a cifs mounts if share access control is important. Configure the Hostname, Share and Directory accordingly: \\[Hostname]\[Share]\[path\to\Directory]</description><tags><tag>samba, smb, cifs, files, get</tag></tags><properties><property><name>Hostname</name><displayName>Hostname</displayName><description>The network host to which files should be written.</description><required>true</required><sensitive>false</sensitive><expressionLanguageSupported>false</expressionLanguageSupported><expressionLanguageScope>NONE</expressionLanguageScope><dynamicallyModifiesClasspath>false</dynamicallyModifiesClasspath><dynamic>false</dynamic></property><property><name>Share</name><displayName>Share</displayName><description>The network share to which files should be written. This is the "first folder"after the hostname: \\hostname\[share]\dir1\dir2</description><required>true</required><sensitive>false</sensitive><expressionLanguageSupported>false</expressionLanguageSupported><expressionLanguageScope>NONE</expressionLanguageScope><dynamicallyModifiesClasspath>false</dynamicallyModifiesClasspath><dynamic>false</dynamic></property><property><name>Directory</name><displayName>Directory</displayName><description>The network folder to which files should be written. This is the remaining relative path after the share: \\hostname\share\[dir1\dir2].</description><required>false</required><sensitive>false</sensitive><expressionLanguageSupported>true</expressionLanguageSupported><expressionLanguageScope>ENVIRONMENT</expressionLanguageScope><dynamicallyModifiesClasspath>false</dynamicallyModifiesClasspath><dynamic>false</dynamic></property><property><name>Domain</name><displayName>Domain</displayName><description>The domain used for authentication. Optional, in most cases username and password is sufficient.</description><required>false</required><sensitive>false</sensitive><expressionLanguageSupported>false</expressionLanguageSupported><expressionLanguageScope>NONE</expressionLanguageScope><dynamicallyModifiesClasspath>false</dynamicallyModifiesClasspath><dynamic>false</dynamic></property><property><name>Username</name><displayName>Username</displayName><description>The username used for authentication. If no username is set then anonymous authentication is attempted.</description><required>false</required><sensitive>false</sensitive><expressionLanguageSupported>false</expressionLanguageSupported><expressionLanguageScope>NONE</expressionLanguageScope><dynamicallyModifiesClasspath>false</dynamicallyModifiesClasspath><dynamic>false</dynamic></property><property><name>Password</name><displayName>Password</displayName><description>The password used for authentication. Required if Username is set.</description><required>false</required><sensitive>true</sensitive><expressionLanguageSupported>false</expressionLanguageSupported><expressionLanguageScope>NONE</expressionLanguageScope><dynamicallyModifiesClasspath>false</dynamicallyModifiesClasspath><dynamic>false</dynamic></property><property><name>Share Access Strategy</name><displayName>Share Access Strategy</displayName><description>Indicates which shared access are granted on the file during the read. None is the most restrictive, but the safest setting to prevent corruption.</description><defaultValue>none</defaultValue><allowableValues><allowableValue><displayName>none</displayName><value>none</value><description></description></allowableValue><allowableValue><displayName>read</displayName><value>read</value><description></description></allowableValue><allowableValue><displayName>read, delete</displayName><value>read, delete</value><description></description></allowableValue><allowableValue><displayName>read, write, delete</displayName><value>read, write, delete</value><description></description></allowableValue></allowableValues><required>true</required><sensitive>false</sensitive><expressionLanguageSupported>false</expressionLanguageSupported><expressionLanguageScope>NONE</expressionLanguageScope><dynamicallyModifiesClasspath>false</dynamicallyModifiesClasspath><dynamic>false</dynamic></property><property><name>File Filter</name><displayName>File Filter</displayName><description>Only files whose names match the given regular expression will be picked up</description><required>false</required><sensitive>false</sensitive><expressionLanguageSupported>false</expressionLanguageSupported><expressionLanguageScope>NONE</expressionLanguageScope><dynamicallyModifiesClasspath>false</dynamicallyModifiesClasspath><dynamic>false</dynamic></property><property><name>Path Filter</name><displayName>Path Filter</displayName><description>When Recurse Subdirectories is true, then only subdirectories whose path matches the given regular expression will be scanned</description><required>false</required><sensitive>false</sensitive><expressionLanguageSupported>false</expressionLanguageSupported><expressionLanguageScope>NONE</expressionLanguageScope><dynamicallyModifiesClasspath>false</dynamicallyModifiesClasspath><dynamic>false</dynamic></property><property><name>Batch Size</name><displayName>Batch Size</displayName><description>The maximum number of files to pull in each iteration</description><defaultValue>10</defaultValue><required>true</required><sensitive>false</sensitive><expressionLanguageSupported>false</expressionLanguageSupported><expressionLanguageScope>NONE</expressionLanguageScope><dynamicallyModifiesClasspath>false</dynamicallyModifiesClasspath><dynamic>false</dynamic></property><property><name>Keep Source File</name><displayName>Keep Source File</displayName><description>If true, the file is not deleted after it has been copied to the Content Repository; this causes the file to be picked up continually and is useful for testing purposes.  If not keeping original NiFi will need write permissions on the directory it is pulling from otherwise it will ignore the file.</description><defaultValue>false</defaultValue><allowableValues><allowableValue><displayName>true</displayName><value>true</value><description></description></allowableValue><allowableValue><displayName>false</displayName><value>false</value><description></description></allowableValue></allowableValues><required>true</required><sensitive>false</sensitive><expressionLanguageSupported>false</expressionLanguageSupported><expressionLanguageScope>NONE</expressionLanguageScope><dynamicallyModifiesClasspath>false</dynamicallyModifiesClasspath><dynamic>false</dynamic></property><property><name>Recurse Subdirectories</name><displayName>Recurse Subdirectories</displayName><description>Indicates whether or not to pull files from subdirectories</description><defaultValue>true</defaultValue><allowableValues><allowableValue><displayName>true</displayName><value>true</value><description></description></allowableValue><allowableValue><displayName>false</displayName><value>false</value><description></description></allowableValue></allowableValues><required>true</required><sensitive>false</sensitive><expressionLanguageSupported>false</expressionLanguageSupported><expressionLanguageScope>NONE</expressionLanguageScope><dynamicallyModifiesClasspath>false</dynamicallyModifiesClasspath><dynamic>false</dynamic></property><property><name>Polling Interval</name><displayName>Polling Interval</displayName><description>Indicates how long to wait before performing a directory listing</description><defaultValue>0 sec</defaultValue><required>true</required><sensitive>false</sensitive><expressionLanguageSupported>false</expressionLanguageSupported><expressionLanguageScope>NONE</expressionLanguageScope><dynamicallyModifiesClasspath>false</dynamicallyModifiesClasspath><dynamic>false</dynamic></property><property><name>Ignore Hidden Files</name><displayName>Ignore Hidden Files</displayName><description>Indicates whether or not hidden files should be ignored</description><defaultValue>true</defaultValue><allowableValues><allowableValue><displayName>true</displayName><value>true</value><description></description></allowableValue><allowableValue><displayName>false</displayName><value>false</value><description></description></allowableValue></allowableValues><required>true</required><sensitive>false</sensitive><expressionLanguageSupported>false</expressionLanguageSupported><expressionLanguageScope>NONE</expressionLanguageScope><dynamicallyModifiesClasspath>false</dynamicallyModifiesClasspath><dynamic>false</dynamic></property><property><name>smb-dialect</name><displayName>SMB Dialect</displayName><description>The SMB dialect is negotiated between the client and the server by default to the highest common version supported by both end. In some rare cases, the client-server communication may fail with the automatically negotiated dialect. This property can be used to set the dialect explicitly (e.g. to downgrade to a lower version), when those situations would occur.</description><defaultValue>AUTO</defaultValue><allowableValues><allowableValue><displayName>AUTO</displayName><value>AUTO</value><description></description></allowableValue><allowableValue><displayName>SMB 2.0.2</displayName><value>SMB_2_0_2</value><description></description></allowableValue><allowableValue><displayName>SMB 2.1</displayName><value>SMB_2_1</value><description></description></allowableValue><allowableValue><displayName>SMB 3.0</displayName><value>SMB_3_0</value><description></description></allowableValue><allowableValue><displayName>SMB 3.0.2</displayName><value>SMB_3_0_2</value><description></description></allowableValue><allowableValue><displayName>SMB 3.1.1</displayName><value>SMB_3_1_1</value><description></description></allowableValue></allowableValues><required>true</required><sensitive>false</sensitive><expressionLanguageSupported>false</expressionLanguageSupported><expressionLanguageScope>NONE</expressionLanguageScope><dynamicallyModifiesClasspath>false</dynamicallyModifiesClasspath><dynamic>false</dynamic></property><property><name>use-encryption</name><displayName>Use Encryption</displayName><description>Turns on/off encrypted communication between the client and the server. The property's behavior is SMB dialect dependent: SMB 2.x does not support encryption and the property has no effect. In case of SMB 3.x, it is a hint/request to the server to turn encryption on if the server also supports it.</description><defaultValue>false</defaultValue><allowableValues><allowableValue><displayName>true</displayName><value>true</value><description></description></allowableValue><allowableValue><displayName>false</displayName><value>false</value><description></description></allowableValue></allowableValues><required>true</required><sensitive>false</sensitive><expressionLanguageSupported>false</expressionLanguageSupported><expressionLanguageScope>NONE</expressionLanguageScope><dynamicallyModifiesClasspath>false</dynamicallyModifiesClasspath><dynamic>false</dynamic></property><property><name>enable-dfs</name><displayName>Enable DFS</displayName><description>Enables accessing Distributed File System (DFS) and following DFS links during SMB operations.</description><defaultValue>false</defaultValue><allowableValues><allowableValue><displayName>true</displayName><value>true</value><description></description></allowableValue><allowableValue><displayName>false</displayName><value>false</value><description></description></allowableValue></allowableValues><required>true</required><sensitive>false</sensitive><expressionLanguageSupported>false</expressionLanguageSupported><expressionLanguageScope>NONE</expressionLanguageScope><dynamicallyModifiesClasspath>false</dynamicallyModifiesClasspath><dynamic>false</dynamic></property><property><name>timeout</name><displayName>Timeout</displayName><description>Timeout for read and write operations.</description><defaultValue>5 sec</defaultValue><required>true</required><sensitive>false</sensitive><expressionLanguageSupported>false</expressionLanguageSupported><expressionLanguageScope>NONE</expressionLanguageScope><dynamicallyModifiesClasspath>false</dynamicallyModifiesClasspath><dynamic>false</dynamic></property></properties><relationships><relationship><name>success</name><description>All files are routed to success</description><autoTerminated>false</autoTerminated></relationship></relationships><writesAttributes><writesAttribute><name>filename</name><description>The filename is set to the name of the file on the network share</description></writesAttribute><writesAttribute><name>path</name><description>The path is set to the relative path of the file's network share name. For example, if the input is set to \\hostname\share\tmp, files picked up from \tmp will have the path attribute set to tmp</description></writesAttribute><writesAttribute><name>file.creationTime</name><description>The date and time that the file was created. May not work on all file systems</description></writesAttribute><writesAttribute><name>file.lastModifiedTime</name><description>The date and time that the file was last modified. May not work on all file systems</description></writesAttribute><writesAttribute><name>file.lastAccessTime</name><description>The date and time that the file was last accessed. May not work on all file systems</description></writesAttribute><writesAttribute><name>absolute.path</name><description>The full path from where a file was picked up. This includes the hostname and the share name</description></writesAttribute></writesAttributes><triggerWhenEmpty>true</triggerWhenEmpty><inputRequirement>INPUT_FORBIDDEN</inputRequirement><seeAlso><see>org.apache.nifi.processors.smb.PutSmbFile</see><see>org.apache.nifi.processors.smb.ListSmb</see><see>org.apache.nifi.processors.smb.FetchSmb</see></seeAlso></extension><extension><name>org.apache.nifi.processors.smb.ListSmb</name><type>PROCESSOR</type><description>Lists concrete files shared via SMB protocol. Each listed file may result in one FlowFile, the metadata being written as FlowFile attributes. Or - in case the 'Record Writer' property is set - the entire result is written as records to a single FlowFile. This Processor is designed to run on Primary Node only in a cluster. If the primary node changes, the new Primary Node will pick up where the previous node left off without duplicating all of the data.</description><tags><tag>samba, smb, cifs, files</tag><tag>list</tag></tags><properties><property><name>smb-client-provider-service</name><displayName>SMB Client Provider Service</displayName><description>Specifies the SMB client provider to use for creating SMB connections.</description><controllerServiceDefinition><className>org.apache.nifi.services.smb.SmbClientProviderService</className><groupId>org.apache.nifi</groupId><artifactId>nifi-smb-client-api-nar</artifactId><version>2.4.0</version></controllerServiceDefinition><required>true</required><sensitive>false</sensitive><expressionLanguageSupported>false</expressionLanguageSupported><expressionLanguageScope>NONE</expressionLanguageScope><dynamicallyModifiesClasspath>false</dynamicallyModifiesClasspath><dynamic>false</dynamic></property><property><name>listing-strategy</name><displayName>Listing Strategy</displayName><description>Specify how to determine new/updated entities. See each strategy descriptions for detail.</description><defaultValue>timestamps</defaultValue><allowableValues><allowableValue><displayName>Tracking Entities</displayName><value>entities</value><description>This strategy tracks information of all the listed entities within the latest 'Entity Tracking Time Window' to determine new/updated entities. This strategy can pick entities having old timestamp that can be missed with 'Tracking Timestamps'. Works even when multiple subdirectories are being written at the same time while listing is running. However additional DistributedMapCache controller service is required and more JVM heap memory is used. See the description of 'Entity Tracking Time Window' property for further details on how it works.</description></allowableValue><allowableValue><displayName>No Tracking</displayName><value>none</value><description>This strategy lists an entity without any tracking. The same entity will be listed each time on executing this processor. It is recommended to change the default run schedule value. Any property that related to the persisting state will be disregarded.</description></allowableValue><allowableValue><displayName>Tracking Timestamps</displayName><value>timestamps</value><description>This strategy tracks the latest timestamp of listed entity to determine new/updated entities. Since it only tracks few timestamps, it can manage listing state efficiently. However, any newly added, or updated entity having timestamp older than the tracked latest timestamp can not be picked by this strategy. For example, such situation can happen in a file system if a file with old timestamp is copied or moved into the target directory without its last modified timestamp being updated. Also may miss files when multiple subdirectories are being written at the same time while listing is running.</description></allowableValue></allowableValues><required>true</required><sensitive>false</sensitive><expressionLanguageSupported>false</expressionLanguageSupported><expressionLanguageScope>NONE</expressionLanguageScope><dynamicallyModifiesClasspath>false</dynamicallyModifiesClasspath><dynamic>false</dynamic></property><property><name>initial-listing-strategy</name><displayName>Initial Listing Strategy</displayName><description>Specifies how to handle existing files on the SMB share when the processor is started for the first time (or its state has been cleared).</description><defaultValue>ALL_FILES</defaultValue><allowableValues><allowableValue><displayName>All Files</displayName><value>ALL_FILES</value><description>Lists all existing files</description></allowableValue><allowableValue><displayName>New Files</displayName><value>NEW_FILES</value><description>Lists only newly created files</description></allowableValue><allowableValue><displayName>From Timestamp</displayName><value>FROM_TIMESTAMP</value><description>Lists only files created after the specified timestamp (inclusively)</description></allowableValue></allowableValues><required>true</required><sensitive>false</sensitive><expressionLanguageSupported>false</expressionLanguageSupported><expressionLanguageScope>NONE</expressionLanguageScope><dynamicallyModifiesClasspath>false</dynamicallyModifiesClasspath><dynamic>false</dynamic><dependencies><dependency><propertyName>listing-strategy</propertyName><propertyDisplayName>Listing Strategy</propertyDisplayName><dependentValues><dependentValue>timestamps</dependentValue></dependentValues></dependency></dependencies></property><property><name>initial-listing-timestamp</name><displayName>Initial Listing Timestamp</displayName><description>The timestamp from which the files will be listed when the processor is started for the first time (or its state has been cleared). The value can be specified as an epoch timestamp in milliseconds or as a UTC datetime in a format such as 2025-02-01T00:00:00Z</description><required>true</required><sensitive>false</sensitive><expressionLanguageSupported>false</expressionLanguageSupported><expressionLanguageScope>NONE</expressionLanguageScope><dynamicallyModifiesClasspath>false</dynamicallyModifiesClasspath><dynamic>false</dynamic><dependencies><dependency><propertyName>initial-listing-strategy</propertyName><propertyDisplayName>Initial Listing Strategy</propertyDisplayName><dependentValues><dependentValue>FROM_TIMESTAMP</dependentValue></dependentValues></dependency></dependencies></property><property><name>directory</name><displayName>Input Directory</displayName><description>The network folder from which to list files. This is the remaining relative path after the share: smb://HOSTNAME:PORT/SHARE/[DIRECTORY]/sub/directories. It is also possible to add subdirectories. The given path on the remote file share must exist. This can be checked using verification. You may mix Windows and Linux-style directory separators.</description><required>false</required><sensitive>false</sensitive><expressionLanguageSupported>false</expressionLanguageSupported><expressionLanguageScope>NONE</expressionLanguageScope><dynamicallyModifiesClasspath>false</dynamicallyModifiesClasspath><dynamic>false</dynamic></property><property><name>file-filter</name><displayName>File Filter</displayName><description>Only files whose names match the given regular expression will be listed.</description><required>false</required><sensitive>false</sensitive><expressionLanguageSupported>false</expressionLanguageSupported><expressionLanguageScope>NONE</expressionLanguageScope><dynamicallyModifiesClasspath>false</dynamicallyModifiesClasspath><dynamic>false</dynamic></property><property><name>path-filter</name><displayName>Path Filter</displayName><description>Only files whose paths (up to the file's parent directory) match the given regular expression will be listed.</description><required>false</required><sensitive>false</sensitive><expressionLanguageSupported>false</expressionLanguageSupported><expressionLanguageScope>NONE</expressionLanguageScope><dynamicallyModifiesClasspath>false</dynamicallyModifiesClasspath><dynamic>false</dynamic></property><property><name>file-name-suffix-filter</name><displayName>Ignore Files with Suffix</displayName><description>Files ending with the given suffix will be omitted. Can be used to make sure that files that are still uploading are not listed multiple times, by having those files have a suffix and remove the suffix once the upload finishes. This is highly recommended when using 'Tracking Entities' or 'Tracking Timestamps' listing strategies.</description><required>false</required><sensitive>false</sensitive><expressionLanguageSupported>false</expressionLanguageSupported><expressionLanguageScope>NONE</expressionLanguageScope><dynamicallyModifiesClasspath>false</dynamicallyModifiesClasspath><dynamic>false</dynamic></property><property><name>record-writer</name><displayName>Record Writer</displayName><description>Specifies the Record Writer to use for creating the listing. If not specified, one FlowFile will be created for each entity that is listed. If the Record Writer is specified, all entities will be written to a single FlowFile instead of adding attributes to individual FlowFiles.</description><controllerServiceDefinition><className>org.apache.nifi.serialization.RecordSetWriterFactory</className><groupId>org.apache.nifi</groupId><artifactId>nifi-standard-services-api-nar</artifactId><version>2.4.0</version></controllerServiceDefinition><required>false</required><sensitive>false</sensitive><expressionLanguageSupported>false</expressionLanguageSupported><expressionLanguageScope>NONE</expressionLanguageScope><dynamicallyModifiesClasspath>false</dynamicallyModifiesClasspath><dynamic>false</dynamic></property><property><name>min-file-age</name><displayName>Minimum File Age</displayName><description>The minimum age that a file must be in order to be listed; any file younger than this amount of time will be ignored.</description><defaultValue>5 secs</defaultValue><required>true</required><sensitive>false</sensitive><expressionLanguageSupported>false</expressionLanguageSupported><expressionLanguageScope>NONE</expressionLanguageScope><dynamicallyModifiesClasspath>false</dynamicallyModifiesClasspath><dynamic>false</dynamic></property><property><name>max-file-age</name><displayName>Maximum File Age</displayName><description>Any file older than the given value will be omitted.</description><required>false</required><sensitive>false</sensitive><expressionLanguageSupported>false</expressionLanguageSupported><expressionLanguageScope>NONE</expressionLanguageScope><dynamicallyModifiesClasspath>false</dynamicallyModifiesClasspath><dynamic>false</dynamic></property><property><name>min-file-size</name><displayName>Minimum File Size</displayName><description>Any file smaller than the given value will be omitted.</description><required>false</required><sensitive>false</sensitive><expressionLanguageSupported>false</expressionLanguageSupported><expressionLanguageScope>NONE</expressionLanguageScope><dynamicallyModifiesClasspath>false</dynamicallyModifiesClasspath><dynamic>false</dynamic></property><property><name>max-file-size</name><displayName>Maximum File Size</displayName><description>Any file larger than the given value will be omitted.</description><required>false</required><sensitive>false</sensitive><expressionLanguageSupported>false</expressionLanguageSupported><expressionLanguageScope>NONE</expressionLanguageScope><dynamicallyModifiesClasspath>false</dynamicallyModifiesClasspath><dynamic>false</dynamic></property><property><name>target-system-timestamp-precision</name><displayName>Target System Timestamp Precision</displayName><description>Specify timestamp precision at the target system. Since this processor uses timestamp of entities to decide which should be listed, it is crucial to use the right timestamp precision.</description><defaultValue>auto-detect</defaultValue><allowableValues><allowableValue><displayName>Auto Detect</displayName><value>auto-detect</value><description>Automatically detect time unit deterministically based on candidate entries timestamp. Please note that this option may take longer to list entities unnecessarily, if none of entries has a precise precision timestamp. E.g. even if a target system supports millis, if all entries only have timestamps without millis, such as '2017-06-16 09:06:34.000', then its precision is determined as 'seconds'.</description></allowableValue><allowableValue><displayName>Milliseconds</displayName><value>millis</value><description>This option provides the minimum latency for an entry from being available to being listed if target system supports millis, if not, use other options.</description></allowableValue><allowableValue><displayName>Seconds</displayName><value>seconds</value><description>For a target system that does not have millis precision, but has in seconds.</description></allowableValue><allowableValue><displayName>Minutes</displayName><value>minutes</value><description>For a target system that only supports precision in minutes.</description></allowableValue></allowableValues><required>true</required><sensitive>false</sensitive><expressionLanguageSupported>false</expressionLanguageSupported><expressionLanguageScope>NONE</expressionLanguageScope><dynamicallyModifiesClasspath>false</dynamicallyModifiesClasspath><dynamic>false</dynamic></property><property><name>et-state-cache</name><displayName>Entity Tracking State Cache</displayName><description>Listed entities are stored in the specified cache storage so that this processor can resume listing across NiFi restart or in case of primary node change. 'Tracking Entities' strategy require tracking information of all listed entities within the last 'Tracking Time Window'. To support large number of entities, the strategy uses DistributedMapCache instead of managed state. Cache key format is 'ListedEntities::{processorId}(::{nodeId})'. If it tracks per node listed entities, then the optional '::{nodeId}' part is added to manage state separately. E.g. cluster wide cache key = 'ListedEntities::8dda2321-0164-1000-50fa-3042fe7d6a7b', per node cache key = 'ListedEntities::8dda2321-0164-1000-50fa-3042fe7d6a7b::nifi-node3' The stored cache content is Gzipped JSON string. The cache key will be deleted when target listing configuration is changed. Used by 'Tracking Entities' strategy.</description><controllerServiceDefinition><className>org.apache.nifi.distributed.cache.client.DistributedMapCacheClient</className><groupId>org.apache.nifi</groupId><artifactId>nifi-standard-services-api-nar</artifactId><version>2.4.0</version></controllerServiceDefinition><required>false</required><sensitive>false</sensitive><expressionLanguageSupported>false</expressionLanguageSupported><expressionLanguageScope>NONE</expressionLanguageScope><dynamicallyModifiesClasspath>false</dynamicallyModifiesClasspath><dynamic>false</dynamic><dependencies><dependency><propertyName>listing-strategy</propertyName><propertyDisplayName>Listing Strategy</propertyDisplayName><dependentValues><dependentValue>entities</dependentValue></dependentValues></dependency></dependencies></property><property><name>et-time-window</name><displayName>Entity Tracking Time Window</displayName><description>Specify how long this processor should track already-listed entities. 'Tracking Entities' strategy can pick any entity whose timestamp is inside the specified time window. For example, if set to '30 minutes', any entity having timestamp in recent 30 minutes will be the listing target when this processor runs. A listed entity is considered 'new/updated' and a FlowFile is emitted if one of following condition meets: 1. does not exist in the already-listed entities, 2. has newer timestamp than the cached entity, 3. has different size than the cached entity. If a cached entity's timestamp becomes older than specified time window, that entity will be removed from the cached already-listed entities. Used by 'Tracking Entities' strategy.</description><defaultValue>3 hours</defaultValue><required>false</required><sensitive>false</sensitive><expressionLanguageSupported>true</expressionLanguageSupported><expressionLanguageScope>ENVIRONMENT</expressionLanguageScope><dynamicallyModifiesClasspath>false</dynamicallyModifiesClasspath><dynamic>false</dynamic><dependencies><dependency><propertyName>listing-strategy</propertyName><propertyDisplayName>Listing Strategy</propertyDisplayName><dependentValues><dependentValue>entities</dependentValue></dependentValues></dependency></dependencies></property><property><name>et-initial-listing-target</name><displayName>Entity Tracking Initial Listing Target</displayName><description>Specify how initial listing should be handled. Used by 'Tracking Entities' strategy.</description><defaultValue>all</defaultValue><allowableValues><allowableValue><displayName>Tracking Time Window</displayName><value>window</value><description>Ignore entities having timestamp older than the specified 'Tracking Time Window' at the initial listing activity.</description></allowableValue><allowableValue><displayName>All Available</displayName><value>all</value><description>Regardless of entities timestamp, all existing entities will be listed at the initial listing activity.</description></allowableValue></allowableValues><required>false</required><sensitive>false</sensitive><expressionLanguageSupported>false</expressionLanguageSupported><expressionLanguageScope>NONE</expressionLanguageScope><dynamicallyModifiesClasspath>false</dynamicallyModifiesClasspath><dynamic>false</dynamic><dependencies><dependency><propertyName>listing-strategy</propertyName><propertyDisplayName>Listing Strategy</propertyDisplayName><dependentValues><dependentValue>entities</dependentValue></dependentValues></dependency></dependencies></property></properties><relationships><relationship><name>success</name><description>All FlowFiles that are received are routed to success</description><autoTerminated>false</autoTerminated></relationship></relationships><writesAttributes><writesAttribute><name>filename</name><description>The name of the file that was read from filesystem.</description></writesAttribute><writesAttribute><name>shortName</name><description>The short name of the file that was read from filesystem.</description></writesAttribute><writesAttribute><name>path</name><description>The path is set to the relative path of the file's directory on the remote filesystem compared to the Share root directory. For example, for a given remote locationsmb://HOSTNAME:PORT/SHARE/DIRECTORY, and a file is being listed from smb://HOSTNAME:PORT/SHARE/DIRECTORY/sub/folder/file then the path attribute will be set to "DIRECTORY/sub/folder".</description></writesAttribute><writesAttribute><name>serviceLocation</name><description>The SMB URL of the share.</description></writesAttribute><writesAttribute><name>lastModifiedTime</name><description>The timestamp of when the file's content changed in the filesystem as 'yyyy-MM-dd'T'HH:mm:ss'.</description></writesAttribute><writesAttribute><name>creationTime</name><description>The timestamp of when the file was created in the filesystem as 'yyyy-MM-dd'T'HH:mm:ss'.</description></writesAttribute><writesAttribute><name>lastAccessTime</name><description>The timestamp of when the file was accessed in the filesystem as 'yyyy-MM-dd'T'HH:mm:ss'.</description></writesAttribute><writesAttribute><name>changeTime</name><description>The timestamp of when the file's attributes was changed in the filesystem as 'yyyy-MM-dd'T'HH:mm:ss'.</description></writesAttribute><writesAttribute><name>size</name><description>The size of the file in bytes.</description></writesAttribute><writesAttribute><name>allocationSize</name><description>The number of bytes allocated for the file on the server.</description></writesAttribute></writesAttributes><triggerSerially>true</triggerSerially><primaryNodeOnly>true</primaryNodeOnly><stateful><description>After performing a listing of files, the state of the previous listing can be stored in order to list files continuously without duplication.</description><scopes><scope>CLUSTER</scope></scopes></stateful><inputRequirement>INPUT_FORBIDDEN</inputRequirement><seeAlso><see>org.apache.nifi.processors.smb.PutSmbFile</see><see>org.apache.nifi.processors.smb.GetSmbFile</see><see>org.apache.nifi.processors.smb.FetchSmb</see></seeAlso><defaultSchedule><strategy>TIMER_DRIVEN</strategy><period>1 min</period><concurrentTasks>1</concurrentTasks></defaultSchedule></extension><extension><name>org.apache.nifi.processors.smb.PutSmbFile</name><type>PROCESSOR</type><description>Writes the contents of a FlowFile to a samba network location. Use this processor instead of a cifs mounts if share access control is important.Configure the Hostname, Share and Directory accordingly: \\[Hostname]\[Share]\[path\to\Directory]</description><tags><tag>samba, smb, cifs, files, put</tag></tags><properties><property><name>Hostname</name><displayName>Hostname</displayName><description>The network host to which files should be written.</description><required>true</required><sensitive>false</sensitive><expressionLanguageSupported>false</expressionLanguageSupported><expressionLanguageScope>NONE</expressionLanguageScope><dynamicallyModifiesClasspath>false</dynamicallyModifiesClasspath><dynamic>false</dynamic></property><property><name>Share</name><displayName>Share</displayName><description>The network share to which files should be written. This is the "first folder"after the hostname: \\hostname\[share]\dir1\dir2</description><required>true</required><sensitive>false</sensitive><expressionLanguageSupported>false</expressionLanguageSupported><expressionLanguageScope>NONE</expressionLanguageScope><dynamicallyModifiesClasspath>false</dynamicallyModifiesClasspath><dynamic>false</dynamic></property><property><name>Directory</name><displayName>Directory</displayName><description>The network folder to which files should be written. This is the remaining relative path after the share: \\hostname\share\[dir1\dir2]. You may use expression language.</description><required>false</required><sensitive>false</sensitive><expressionLanguageSupported>true</expressionLanguageSupported><expressionLanguageScope>FLOWFILE_ATTRIBUTES</expressionLanguageScope><dynamicallyModifiesClasspath>false</dynamicallyModifiesClasspath><dynamic>false</dynamic></property><property><name>Domain</name><displayName>Domain</displayName><description>The domain used for authentication. Optional, in most cases username and password is sufficient.</description><required>false</required><sensitive>false</sensitive><expressionLanguageSupported>false</expressionLanguageSupported><expressionLanguageScope>NONE</expressionLanguageScope><dynamicallyModifiesClasspath>false</dynamicallyModifiesClasspath><dynamic>false</dynamic></property><property><name>Username</name><displayName>Username</displayName><description>The username used for authentication. If no username is set then anonymous authentication is attempted.</description><required>false</required><sensitive>false</sensitive><expressionLanguageSupported>false</expressionLanguageSupported><expressionLanguageScope>NONE</expressionLanguageScope><dynamicallyModifiesClasspath>false</dynamicallyModifiesClasspath><dynamic>false</dynamic></property><property><name>Password</name><displayName>Password</displayName><description>The password used for authentication. Required if Username is set.</description><required>false</required><sensitive>true</sensitive><expressionLanguageSupported>false</expressionLanguageSupported><expressionLanguageScope>NONE</expressionLanguageScope><dynamicallyModifiesClasspath>false</dynamicallyModifiesClasspath><dynamic>false</dynamic></property><property><name>Create Missing Directories</name><displayName>Create Missing Directories</displayName><description>If true, then missing destination directories will be created. If false, flowfiles are penalized and sent to failure.</description><defaultValue>false</defaultValue><allowableValues><allowableValue><displayName>true</displayName><value>true</value><description></description></allowableValue><allowableValue><displayName>false</displayName><value>false</value><description></description></allowableValue></allowableValues><required>true</required><sensitive>false</sensitive><expressionLanguageSupported>false</expressionLanguageSupported><expressionLanguageScope>NONE</expressionLanguageScope><dynamicallyModifiesClasspath>false</dynamicallyModifiesClasspath><dynamic>false</dynamic></property><property><name>Share Access Strategy</name><displayName>Share Access Strategy</displayName><description>Indicates which shared access are granted on the file during the write. None is the most restrictive, but the safest setting to prevent corruption.</description><defaultValue>none</defaultValue><allowableValues><allowableValue><displayName>none</displayName><value>none</value><description></description></allowableValue><allowableValue><displayName>read</displayName><value>read</value><description></description></allowableValue><allowableValue><displayName>read, delete</displayName><value>read, delete</value><description></description></allowableValue><allowableValue><displayName>read, write, delete</displayName><value>read, write, delete</value><description></description></allowableValue></allowableValues><required>true</required><sensitive>false</sensitive><expressionLanguageSupported>false</expressionLanguageSupported><expressionLanguageScope>NONE</expressionLanguageScope><dynamicallyModifiesClasspath>false</dynamicallyModifiesClasspath><dynamic>false</dynamic></property><property><name>Conflict Resolution Strategy</name><displayName>Conflict Resolution Strategy</displayName><description>Indicates what should happen when a file with the same name already exists in the output directory</description><defaultValue>replace</defaultValue><allowableValues><allowableValue><displayName>replace</displayName><value>replace</value><description></description></allowableValue><allowableValue><displayName>ignore</displayName><value>ignore</value><description></description></allowableValue><allowableValue><displayName>fail</displayName><value>fail</value><description></description></allowableValue></allowableValues><required>true</required><sensitive>false</sensitive><expressionLanguageSupported>false</expressionLanguageSupported><expressionLanguageScope>NONE</expressionLanguageScope><dynamicallyModifiesClasspath>false</dynamicallyModifiesClasspath><dynamic>false</dynamic></property><property><name>Batch Size</name><displayName>Batch Size</displayName><description>The maximum number of files to put in each iteration</description><defaultValue>100</defaultValue><required>true</required><sensitive>false</sensitive><expressionLanguageSupported>false</expressionLanguageSupported><expressionLanguageScope>NONE</expressionLanguageScope><dynamicallyModifiesClasspath>false</dynamicallyModifiesClasspath><dynamic>false</dynamic></property><property><name>Temporary Suffix</name><displayName>Temporary Suffix</displayName><description>A temporary suffix which will be apended to the filename while it's transfering. After the transfer is complete, the suffix will be removed.</description><required>false</required><sensitive>false</sensitive><expressionLanguageSupported>false</expressionLanguageSupported><expressionLanguageScope>NONE</expressionLanguageScope><dynamicallyModifiesClasspath>false</dynamicallyModifiesClasspath><dynamic>false</dynamic></property><property><name>smb-dialect</name><displayName>SMB Dialect</displayName><description>The SMB dialect is negotiated between the client and the server by default to the highest common version supported by both end. In some rare cases, the client-server communication may fail with the automatically negotiated dialect. This property can be used to set the dialect explicitly (e.g. to downgrade to a lower version), when those situations would occur.</description><defaultValue>AUTO</defaultValue><allowableValues><allowableValue><displayName>AUTO</displayName><value>AUTO</value><description></description></allowableValue><allowableValue><displayName>SMB 2.0.2</displayName><value>SMB_2_0_2</value><description></description></allowableValue><allowableValue><displayName>SMB 2.1</displayName><value>SMB_2_1</value><description></description></allowableValue><allowableValue><displayName>SMB 3.0</displayName><value>SMB_3_0</value><description></description></allowableValue><allowableValue><displayName>SMB 3.0.2</displayName><value>SMB_3_0_2</value><description></description></allowableValue><allowableValue><displayName>SMB 3.1.1</displayName><value>SMB_3_1_1</value><description></description></allowableValue></allowableValues><required>true</required><sensitive>false</sensitive><expressionLanguageSupported>false</expressionLanguageSupported><expressionLanguageScope>NONE</expressionLanguageScope><dynamicallyModifiesClasspath>false</dynamicallyModifiesClasspath><dynamic>false</dynamic></property><property><name>use-encryption</name><displayName>Use Encryption</displayName><description>Turns on/off encrypted communication between the client and the server. The property's behavior is SMB dialect dependent: SMB 2.x does not support encryption and the property has no effect. In case of SMB 3.x, it is a hint/request to the server to turn encryption on if the server also supports it.</description><defaultValue>false</defaultValue><allowableValues><allowableValue><displayName>true</displayName><value>true</value><description></description></allowableValue><allowableValue><displayName>false</displayName><value>false</value><description></description></allowableValue></allowableValues><required>true</required><sensitive>false</sensitive><expressionLanguageSupported>false</expressionLanguageSupported><expressionLanguageScope>NONE</expressionLanguageScope><dynamicallyModifiesClasspath>false</dynamicallyModifiesClasspath><dynamic>false</dynamic></property><property><name>enable-dfs</name><displayName>Enable DFS</displayName><description>Enables accessing Distributed File System (DFS) and following DFS links during SMB operations.</description><defaultValue>false</defaultValue><allowableValues><allowableValue><displayName>true</displayName><value>true</value><description></description></allowableValue><allowableValue><displayName>false</displayName><value>false</value><description></description></allowableValue></allowableValues><required>true</required><sensitive>false</sensitive><expressionLanguageSupported>false</expressionLanguageSupported><expressionLanguageScope>NONE</expressionLanguageScope><dynamicallyModifiesClasspath>false</dynamicallyModifiesClasspath><dynamic>false</dynamic></property><property><name>timeout</name><displayName>Timeout</displayName><description>Timeout for read and write operations.</description><defaultValue>5 sec</defaultValue><required>true</required><sensitive>false</sensitive><expressionLanguageSupported>false</expressionLanguageSupported><expressionLanguageScope>NONE</expressionLanguageScope><dynamicallyModifiesClasspath>false</dynamicallyModifiesClasspath><dynamic>false</dynamic></property></properties><relationships><relationship><name>failure</name><description>Files that could not be written to the output network path for some reason are transferred to this relationship</description><autoTerminated>false</autoTerminated></relationship><relationship><name>success</name><description>Files that have been successfully written to the output network path are transferred to this relationship</description><autoTerminated>false</autoTerminated></relationship></relationships><readsAttributes><readsAttribute><name>filename</name><description>The filename to use when writing the FlowFile to the network folder.</description></readsAttribute></readsAttributes><writesAttributes></writesAttributes><inputRequirement>INPUT_REQUIRED</inputRequirement><seeAlso><see>org.apache.nifi.processors.smb.GetSmbFile</see><see>org.apache.nifi.processors.smb.ListSmb</see><see>org.apache.nifi.processors.smb.FetchSmb</see></seeAlso></extension></extensions></extensionManifest>