<extensionManifest><groupId>org.apache.nifi</groupId><artifactId>nifi-workday-processors-nar</artifactId><version>2.4.0</version><parentNar><groupId>org.apache.nifi</groupId><artifactId>nifi-standard-services-api-nar</artifactId><version>2.4.0</version></parentNar><systemApiVersion>2.1.0</systemApiVersion><buildInfo><tag>HEAD</tag><branch>UNKNOWN</branch><revision>65c7732</revision></buildInfo><extensions><extension><name>org.apache.nifi.processors.workday.GetWorkdayReport</name><type>PROCESSOR</type><description>A processor which can interact with a configurable Workday Report. The processor can forward the content without modification, or you can transform it by providing the specific Record Reader and Record Writer services based on your needs. You can also remove fields by defining schema in the Record Writer. Supported Workday report formats are: csv, simplexml, json</description><tags><tag>Workday</tag><tag>report</tag></tags><properties><property><name>Workday Report URL</name><displayName>Workday Report URL</displayName><description>HTTP remote URL of Workday report including a scheme of http or https, as well as a hostname or IP address with optional port and path elements.</description><required>true</required><sensitive>false</sensitive><expressionLanguageSupported>true</expressionLanguageSupported><expressionLanguageScope>FLOWFILE_ATTRIBUTES</expressionLanguageScope><dynamicallyModifiesClasspath>false</dynamicallyModifiesClasspath><dynamic>false</dynamic></property><property><name>Authorization Type</name><displayName>Authorization Type</displayName><description>The type of authorization for retrieving data from Workday resources.</description><defaultValue>BASIC_AUTH</defaultValue><allowableValues><allowableValue><displayName>Basic Auth</displayName><value>BASIC_AUTH</value><description>Used to access resources using Workday password and username.</description></allowableValue><allowableValue><displayName>OAuth</displayName><value>OAUTH</value><description>Used to get fresh access tokens based on a previously acquired refresh token. Requires Client ID, Client Secret and Refresh Token.</description></allowableValue></allowableValues><required>true</required><sensitive>false</sensitive><expressionLanguageSupported>false</expressionLanguageSupported><expressionLanguageScope>NONE</expressionLanguageScope><dynamicallyModifiesClasspath>false</dynamicallyModifiesClasspath><dynamic>false</dynamic></property><property><name>Access Token Provider</name><displayName>Access Token Provider</displayName><description>Enables managed retrieval of OAuth2 Bearer Token.</description><controllerServiceDefinition><className>org.apache.nifi.oauth2.OAuth2AccessTokenProvider</className><groupId>org.apache.nifi</groupId><artifactId>nifi-standard-services-api-nar</artifactId><version>2.4.0</version></controllerServiceDefinition><required>true</required><sensitive>false</sensitive><expressionLanguageSupported>false</expressionLanguageSupported><expressionLanguageScope>NONE</expressionLanguageScope><dynamicallyModifiesClasspath>false</dynamicallyModifiesClasspath><dynamic>false</dynamic><dependencies><dependency><propertyName>Authorization Type</propertyName><propertyDisplayName>Authorization Type</propertyDisplayName><dependentValues><dependentValue>OAUTH</dependentValue></dependentValues></dependency></dependencies></property><property><name>Workday Username</name><displayName>Workday Username</displayName><description>The username provided for authentication of Workday requests. Encoded using Base64 for HTTP Basic Authentication as described in RFC 7617.</description><required>true</required><sensitive>false</sensitive><expressionLanguageSupported>true</expressionLanguageSupported><expressionLanguageScope>FLOWFILE_ATTRIBUTES</expressionLanguageScope><dynamicallyModifiesClasspath>false</dynamicallyModifiesClasspath><dynamic>false</dynamic><dependencies><dependency><propertyName>Authorization Type</propertyName><propertyDisplayName>Authorization Type</propertyDisplayName><dependentValues><dependentValue>BASIC_AUTH</dependentValue></dependentValues></dependency></dependencies></property><property><name>Workday Password</name><displayName>Workday Password</displayName><description>The password provided for authentication of Workday requests. Encoded using Base64 for HTTP Basic Authentication as described in RFC 7617.</description><required>true</required><sensitive>true</sensitive><expressionLanguageSupported>true</expressionLanguageSupported><expressionLanguageScope>FLOWFILE_ATTRIBUTES</expressionLanguageScope><dynamicallyModifiesClasspath>false</dynamicallyModifiesClasspath><dynamic>false</dynamic><dependencies><dependency><propertyName>Authorization Type</propertyName><propertyDisplayName>Authorization Type</propertyDisplayName><dependentValues><dependentValue>BASIC_AUTH</dependentValue></dependentValues></dependency></dependencies></property><property><name>Web Client Service Provider</name><displayName>Web Client Service Provider</displayName><description>Web client which is used to communicate with the Workday API.</description><controllerServiceDefinition><className>org.apache.nifi.web.client.provider.api.WebClientServiceProvider</className><groupId>org.apache.nifi</groupId><artifactId>nifi-standard-services-api-nar</artifactId><version>2.4.0</version></controllerServiceDefinition><required>true</required><sensitive>false</sensitive><expressionLanguageSupported>false</expressionLanguageSupported><expressionLanguageScope>NONE</expressionLanguageScope><dynamicallyModifiesClasspath>false</dynamicallyModifiesClasspath><dynamic>false</dynamic></property><property><name>record-reader</name><displayName>Record Reader</displayName><description>Specifies the Controller Service to use for parsing incoming data and determining the data's schema.</description><controllerServiceDefinition><className>org.apache.nifi.serialization.RecordReaderFactory</className><groupId>org.apache.nifi</groupId><artifactId>nifi-standard-services-api-nar</artifactId><version>2.4.0</version></controllerServiceDefinition><required>false</required><sensitive>false</sensitive><expressionLanguageSupported>false</expressionLanguageSupported><expressionLanguageScope>NONE</expressionLanguageScope><dynamicallyModifiesClasspath>false</dynamicallyModifiesClasspath><dynamic>false</dynamic></property><property><name>record-writer</name><displayName>Record Writer</displayName><description>The Record Writer to use for serializing Records to an output FlowFile.</description><controllerServiceDefinition><className>org.apache.nifi.serialization.RecordSetWriterFactory</className><groupId>org.apache.nifi</groupId><artifactId>nifi-standard-services-api-nar</artifactId><version>2.4.0</version></controllerServiceDefinition><required>true</required><sensitive>false</sensitive><expressionLanguageSupported>false</expressionLanguageSupported><expressionLanguageScope>NONE</expressionLanguageScope><dynamicallyModifiesClasspath>false</dynamicallyModifiesClasspath><dynamic>false</dynamic><dependencies><dependency><propertyName>record-reader</propertyName><propertyDisplayName>Record Reader</propertyDisplayName></dependency></dependencies></property></properties><relationships><relationship><name>failure</name><description>Request FlowFiles transferred when receiving socket communication errors.</description><autoTerminated>false</autoTerminated></relationship><relationship><name>original</name><description>Request FlowFiles transferred when receiving HTTP responses with a status code between 200 and 299.</description><autoTerminated>true</autoTerminated></relationship><relationship><name>success</name><description>Response FlowFiles transferred when receiving HTTP responses with a status code between 200 and 299.</description><autoTerminated>false</autoTerminated></relationship></relationships><writesAttributes><writesAttribute><name>getworkdayreport.java.exception.class</name><description>The Java exception class raised when the processor fails</description></writesAttribute><writesAttribute><name>getworkdayreport.java.exception.message</name><description>The Java exception message raised when the processor fails</description></writesAttribute><writesAttribute><name>mime.type</name><description>Sets the mime.type attribute to the MIME Type specified by the Source / Record Writer</description></writesAttribute><writesAttribute><name>record.count</name><description>The number of records in an outgoing FlowFile. This is only populated on the 'success' relationship when Record Reader and Writer is set.</description></writesAttribute></writesAttributes><supportsBatching>true</supportsBatching><sideEffectFree>true</sideEffectFree><inputRequirement>INPUT_ALLOWED</inputRequirement></extension></extensions></extensionManifest>